experiment,algorithm,objective,iteration,queries,samps_per_iter,objective_value,minimum_objective_value,iteration_of_minimum,random_seed,status,parameter_configuration,elapsed_seconds,error_message
objective_vs_queries,alternating_projections,ky_fan_regression,0,0,256,38.678131103515625,9.651965141296387,40,2027,success,"{""base_optimizer_parameters"":{""linesearch"":true,""sampling_dist"":""gaussian"",""sampling_scheme"":""full-rank"",""samps_per_iter"":256,""step_size"":0.03,""target_rank"":3},""data_seed"":2025,""initialization_seed"":2026,""iterations"":10000,""matrix_shape"":[30,30],""max_queries"":10000,""objective_noise"":0.0,""optimizer_seed"":2027,""recovery_parameters"":{""iters"":15}}",2.3480087500065565,
objective_vs_queries,alternating_projections,ky_fan_regression,1,256,256,35.76734161376953,9.651965141296387,40,2027,success,"{""base_optimizer_parameters"":{""linesearch"":true,""sampling_dist"":""gaussian"",""sampling_scheme"":""full-rank"",""samps_per_iter"":256,""step_size"":0.03,""target_rank"":3},""data_seed"":2025,""initialization_seed"":2026,""iterations"":10000,""matrix_shape"":[30,30],""max_queries"":10000,""objective_noise"":0.0,""optimizer_seed"":2027,""recovery_parameters"":{""iters"":15}}",2.3480087500065565,
objective_vs_queries,alternating_projections,ky_fan_regression,2,512,256,34.214378356933594,9.651965141296387,40,2027,success,"{""base_optimizer_parameters"":{""linesearch"":true,""sampling_dist"":""gaussian"",""sampling_scheme"":""full-rank"",""samps_per_iter"":256,""step_size"":0.03,""target_rank"":3},""data_seed"":2025,""initialization_seed"":2026,""iterations"":10000,""matrix_shape"":[30,30],""max_queries"":10000,""objective_noise"":0.0,""optimizer_seed"":2027,""recovery_parameters"":{""iters"":15}}",2.3480087500065565,
objective_vs_queries,alternating_projections,ky_fan_regression,3,768,256,32.15171813964844,9.651965141296387,40,2027,success,"{""base_optimizer_parameters"":{""linesearch"":true,""sampling_dist"":""gaussian"",""sampling_scheme"":""full-rank"",""samps_per_iter"":256,""step_size"":0.03,""target_rank"":3},""data_seed"":2025,""initialization_seed"":2026,""iterations"":10000,""matrix_shape"":[30,30],""max_queries"":10000,""objective_noise"":0.0,""optimizer_seed"":2027,""recovery_parameters"":{""iters"":15}}",2.3480087500065565,
objective_vs_queries,alternating_projections,ky_fan_regression,4,1024,256,31.655424118041992,9.651965141296387,40,2027,success,"{""base_optimizer_parameters"":{""linesearch"":true,""sampling_dist"":""gaussian"",""sampling_scheme"":""full-rank"",""samps_per_iter"":256,""step_size"":0.03,""target_rank"":3},""data_seed"":2025,""initialization_seed"":2026,""iterations"":10000,""matrix_shape"":[30,30],""max_queries"":10000,""objective_noise"":0.0,""optimizer_seed"":2027,""recovery_parameters"":{""iters"":15}}",2.3480087500065565,
objective_vs_queries,alternating_projections,ky_fan_regression,5,1280,256,29.71282196044922,9.651965141296387,40,2027,success,"{""base_optimizer_parameters"":{""linesearch"":true,""sampling_dist"":""gaussian"",""sampling_scheme"":""full-rank"",""samps_per_iter"":256,""step_size"":0.03,""target_rank"":3},""data_seed"":2025,""initialization_seed"":2026,""iterations"":10000,""matrix_shape"":[30,30],""max_queries"":10000,""objective_noise"":0.0,""optimizer_seed"":2027,""recovery_parameters"":{""iters"":15}}",2.3480087500065565,
objective_vs_queries,alternating_projections,ky_fan_regression,6,1536,256,29.087013244628906,9.651965141296387,40,2027,success,"{""base_optimizer_parameters"":{""linesearch"":true,""sampling_dist"":""gaussian"",""sampling_scheme"":""full-rank"",""samps_per_iter"":256,""step_size"":0.03,""target_rank"":3},""data_seed"":2025,""initialization_seed"":2026,""iterations"":10000,""matrix_shape"":[30,30],""max_queries"":10000,""objective_noise"":0.0,""optimizer_seed"":2027,""recovery_parameters"":{""iters"":15}}",2.3480087500065565,
objective_vs_queries,alternating_projections,ky_fan_regression,7,1792,256,28.544044494628906,9.651965141296387,40,2027,success,"{""base_optimizer_parameters"":{""linesearch"":true,""sampling_dist"":""gaussian"",""sampling_scheme"":""full-rank"",""samps_per_iter"":256,""step_size"":0.03,""target_rank"":3},""data_seed"":2025,""initialization_seed"":2026,""iterations"":10000,""matrix_shape"":[30,30],""max_queries"":10000,""objective_noise"":0.0,""optimizer_seed"":2027,""recovery_parameters"":{""iters"":15}}",2.3480087500065565,
objective_vs_queries,alternating_projections,ky_fan_regression,8,2048,256,27.15435791015625,9.651965141296387,40,2027,success,"{""base_optimizer_parameters"":{""linesearch"":true,""sampling_dist"":""gaussian"",""sampling_scheme"":""full-rank"",""samps_per_iter"":256,""step_size"":0.03,""target_rank"":3},""data_seed"":2025,""initialization_seed"":2026,""iterations"":10000,""matrix_shape"":[30,30],""max_queries"":10000,""objective_noise"":0.0,""optimizer_seed"":2027,""recovery_parameters"":{""iters"":15}}",2.3480087500065565,
objective_vs_queries,alternating_projections,ky_fan_regression,9,2304,256,26.165287017822266,9.651965141296387,40,2027,success,"{""base_optimizer_parameters"":{""linesearch"":true,""sampling_dist"":""gaussian"",""sampling_scheme"":""full-rank"",""samps_per_iter"":256,""step_size"":0.03,""target_rank"":3},""data_seed"":2025,""initialization_seed"":2026,""iterations"":10000,""matrix_shape"":[30,30],""max_queries"":10000,""objective_noise"":0.0,""optimizer_seed"":2027,""recovery_parameters"":{""iters"":15}}",2.3480087500065565,
objective_vs_queries,alternating_projections,ky_fan_regression,10,2560,256,25.85938262939453,9.651965141296387,40,2027,success,"{""base_optimizer_parameters"":{""linesearch"":true,""sampling_dist"":""gaussian"",""sampling_scheme"":""full-rank"",""samps_per_iter"":256,""step_size"":0.03,""target_rank"":3},""data_seed"":2025,""initialization_seed"":2026,""iterations"":10000,""matrix_shape"":[30,30],""max_queries"":10000,""objective_noise"":0.0,""optimizer_seed"":2027,""recovery_parameters"":{""iters"":15}}",2.3480087500065565,
objective_vs_queries,alternating_projections,ky_fan_regression,11,2816,256,25.172969818115234,9.651965141296387,40,2027,success,"{""base_optimizer_parameters"":{""linesearch"":true,""sampling_dist"":""gaussian"",""sampling_scheme"":""full-rank"",""samps_per_iter"":256,""step_size"":0.03,""target_rank"":3},""data_seed"":2025,""initialization_seed"":2026,""iterations"":10000,""matrix_shape"":[30,30],""max_queries"":10000,""objective_noise"":0.0,""optimizer_seed"":2027,""recovery_parameters"":{""iters"":15}}",2.3480087500065565,
objective_vs_queries,alternating_projections,ky_fan_regression,12,3072,256,24.06500816345215,9.651965141296387,40,2027,success,"{""base_optimizer_parameters"":{""linesearch"":true,""sampling_dist"":""gaussian"",""sampling_scheme"":""full-rank"",""samps_per_iter"":256,""step_size"":0.03,""target_rank"":3},""data_seed"":2025,""initialization_seed"":2026,""iterations"":10000,""matrix_shape"":[30,30],""max_queries"":10000,""objective_noise"":0.0,""optimizer_seed"":2027,""recovery_parameters"":{""iters"":15}}",2.3480087500065565,
objective_vs_queries,alternating_projections,ky_fan_regression,13,3328,256,23.171070098876953,9.651965141296387,40,2027,success,"{""base_optimizer_parameters"":{""linesearch"":true,""sampling_dist"":""gaussian"",""sampling_scheme"":""full-rank"",""samps_per_iter"":256,""step_size"":0.03,""target_rank"":3},""data_seed"":2025,""initialization_seed"":2026,""iterations"":10000,""matrix_shape"":[30,30],""max_queries"":10000,""objective_noise"":0.0,""optimizer_seed"":2027,""recovery_parameters"":{""iters"":15}}",2.3480087500065565,
objective_vs_queries,alternating_projections,ky_fan_regression,14,3584,256,22.86767578125,9.651965141296387,40,2027,success,"{""base_optimizer_parameters"":{""linesearch"":true,""sampling_dist"":""gaussian"",""sampling_scheme"":""full-rank"",""samps_per_iter"":256,""step_size"":0.03,""target_rank"":3},""data_seed"":2025,""initialization_seed"":2026,""iterations"":10000,""matrix_shape"":[30,30],""max_queries"":10000,""objective_noise"":0.0,""optimizer_seed"":2027,""recovery_parameters"":{""iters"":15}}",2.3480087500065565,
objective_vs_queries,alternating_projections,ky_fan_regression,15,3840,256,22.499561309814453,9.651965141296387,40,2027,success,"{""base_optimizer_parameters"":{""linesearch"":true,""sampling_dist"":""gaussian"",""sampling_scheme"":""full-rank"",""samps_per_iter"":256,""step_size"":0.03,""target_rank"":3},""data_seed"":2025,""initialization_seed"":2026,""iterations"":10000,""matrix_shape"":[30,30],""max_queries"":10000,""objective_noise"":0.0,""optimizer_seed"":2027,""recovery_parameters"":{""iters"":15}}",2.3480087500065565,
objective_vs_queries,alternating_projections,ky_fan_regression,16,4096,256,21.55384635925293,9.651965141296387,40,2027,success,"{""base_optimizer_parameters"":{""linesearch"":true,""sampling_dist"":""gaussian"",""sampling_scheme"":""full-rank"",""samps_per_iter"":256,""step_size"":0.03,""target_rank"":3},""data_seed"":2025,""initialization_seed"":2026,""iterations"":10000,""matrix_shape"":[30,30],""max_queries"":10000,""objective_noise"":0.0,""optimizer_seed"":2027,""recovery_parameters"":{""iters"":15}}",2.3480087500065565,
objective_vs_queries,alternating_projections,ky_fan_regression,17,4352,256,20.227706909179688,9.651965141296387,40,2027,success,"{""base_optimizer_parameters"":{""linesearch"":true,""sampling_dist"":""gaussian"",""sampling_scheme"":""full-rank"",""samps_per_iter"":256,""step_size"":0.03,""target_rank"":3},""data_seed"":2025,""initialization_seed"":2026,""iterations"":10000,""matrix_shape"":[30,30],""max_queries"":10000,""objective_noise"":0.0,""optimizer_seed"":2027,""recovery_parameters"":{""iters"":15}}",2.3480087500065565,
objective_vs_queries,alternating_projections,ky_fan_regression,18,4608,256,20.006546020507812,9.651965141296387,40,2027,success,"{""base_optimizer_parameters"":{""linesearch"":true,""sampling_dist"":""gaussian"",""sampling_scheme"":""full-rank"",""samps_per_iter"":256,""step_size"":0.03,""target_rank"":3},""data_seed"":2025,""initialization_seed"":2026,""iterations"":10000,""matrix_shape"":[30,30],""max_queries"":10000,""objective_noise"":0.0,""optimizer_seed"":2027,""recovery_parameters"":{""iters"":15}}",2.3480087500065565,
objective_vs_queries,alternating_projections,ky_fan_regression,19,4864,256,19.697734832763672,9.651965141296387,40,2027,success,"{""base_optimizer_parameters"":{""linesearch"":true,""sampling_dist"":""gaussian"",""sampling_scheme"":""full-rank"",""samps_per_iter"":256,""step_size"":0.03,""target_rank"":3},""data_seed"":2025,""initialization_seed"":2026,""iterations"":10000,""matrix_shape"":[30,30],""max_queries"":10000,""objective_noise"":0.0,""optimizer_seed"":2027,""recovery_parameters"":{""iters"":15}}",2.3480087500065565,
objective_vs_queries,alternating_projections,ky_fan_regression,20,5120,256,19.198177337646484,9.651965141296387,40,2027,success,"{""base_optimizer_parameters"":{""linesearch"":true,""sampling_dist"":""gaussian"",""sampling_scheme"":""full-rank"",""samps_per_iter"":256,""step_size"":0.03,""target_rank"":3},""data_seed"":2025,""initialization_seed"":2026,""iterations"":10000,""matrix_shape"":[30,30],""max_queries"":10000,""objective_noise"":0.0,""optimizer_seed"":2027,""recovery_parameters"":{""iters"":15}}",2.3480087500065565,
objective_vs_queries,alternating_projections,ky_fan_regression,21,5376,256,18.442150115966797,9.651965141296387,40,2027,success,"{""base_optimizer_parameters"":{""linesearch"":true,""sampling_dist"":""gaussian"",""sampling_scheme"":""full-rank"",""samps_per_iter"":256,""step_size"":0.03,""target_rank"":3},""data_seed"":2025,""initialization_seed"":2026,""iterations"":10000,""matrix_shape"":[30,30],""max_queries"":10000,""objective_noise"":0.0,""optimizer_seed"":2027,""recovery_parameters"":{""iters"":15}}",2.3480087500065565,
objective_vs_queries,alternating_projections,ky_fan_regression,22,5632,256,17.23284149169922,9.651965141296387,40,2027,success,"{""base_optimizer_parameters"":{""linesearch"":true,""sampling_dist"":""gaussian"",""sampling_scheme"":""full-rank"",""samps_per_iter"":256,""step_size"":0.03,""target_rank"":3},""data_seed"":2025,""initialization_seed"":2026,""iterations"":10000,""matrix_shape"":[30,30],""max_queries"":10000,""objective_noise"":0.0,""optimizer_seed"":2027,""recovery_parameters"":{""iters"":15}}",2.3480087500065565,
objective_vs_queries,alternating_projections,ky_fan_regression,23,5888,256,17.009157180786133,9.651965141296387,40,2027,success,"{""base_optimizer_parameters"":{""linesearch"":true,""sampling_dist"":""gaussian"",""sampling_scheme"":""full-rank"",""samps_per_iter"":256,""step_size"":0.03,""target_rank"":3},""data_seed"":2025,""initialization_seed"":2026,""iterations"":10000,""matrix_shape"":[30,30],""max_queries"":10000,""objective_noise"":0.0,""optimizer_seed"":2027,""recovery_parameters"":{""iters"":15}}",2.3480087500065565,
objective_vs_queries,alternating_projections,ky_fan_regression,24,6144,256,16.764225006103516,9.651965141296387,40,2027,success,"{""base_optimizer_parameters"":{""linesearch"":true,""sampling_dist"":""gaussian"",""sampling_scheme"":""full-rank"",""samps_per_iter"":256,""step_size"":0.03,""target_rank"":3},""data_seed"":2025,""initialization_seed"":2026,""iterations"":10000,""matrix_shape"":[30,30],""max_queries"":10000,""objective_noise"":0.0,""optimizer_seed"":2027,""recovery_parameters"":{""iters"":15}}",2.3480087500065565,
objective_vs_queries,alternating_projections,ky_fan_regression,25,6400,256,16.48831558227539,9.651965141296387,40,2027,success,"{""base_optimizer_parameters"":{""linesearch"":true,""sampling_dist"":""gaussian"",""sampling_scheme"":""full-rank"",""samps_per_iter"":256,""step_size"":0.03,""target_rank"":3},""data_seed"":2025,""initialization_seed"":2026,""iterations"":10000,""matrix_shape"":[30,30],""max_queries"":10000,""objective_noise"":0.0,""optimizer_seed"":2027,""recovery_parameters"":{""iters"":15}}",2.3480087500065565,
objective_vs_queries,alternating_projections,ky_fan_regression,26,6656,256,15.852041244506836,9.651965141296387,40,2027,success,"{""base_optimizer_parameters"":{""linesearch"":true,""sampling_dist"":""gaussian"",""sampling_scheme"":""full-rank"",""samps_per_iter"":256,""step_size"":0.03,""target_rank"":3},""data_seed"":2025,""initialization_seed"":2026,""iterations"":10000,""matrix_shape"":[30,30],""max_queries"":10000,""objective_noise"":0.0,""optimizer_seed"":2027,""recovery_parameters"":{""iters"":15}}",2.3480087500065565,
objective_vs_queries,alternating_projections,ky_fan_regression,27,6912,256,15.263906478881836,9.651965141296387,40,2027,success,"{""base_optimizer_parameters"":{""linesearch"":true,""sampling_dist"":""gaussian"",""sampling_scheme"":""full-rank"",""samps_per_iter"":256,""step_size"":0.03,""target_rank"":3},""data_seed"":2025,""initialization_seed"":2026,""iterations"":10000,""matrix_shape"":[30,30],""max_queries"":10000,""objective_noise"":0.0,""optimizer_seed"":2027,""recovery_parameters"":{""iters"":15}}",2.3480087500065565,
objective_vs_queries,alternating_projections,ky_fan_regression,28,7168,256,14.473907470703125,9.651965141296387,40,2027,success,"{""base_optimizer_parameters"":{""linesearch"":true,""sampling_dist"":""gaussian"",""sampling_scheme"":""full-rank"",""samps_per_iter"":256,""step_size"":0.03,""target_rank"":3},""data_seed"":2025,""initialization_seed"":2026,""iterations"":10000,""matrix_shape"":[30,30],""max_queries"":10000,""objective_noise"":0.0,""optimizer_seed"":2027,""recovery_parameters"":{""iters"":15}}",2.3480087500065565,
objective_vs_queries,alternating_projections,ky_fan_regression,29,7424,256,14.114468574523926,9.651965141296387,40,2027,success,"{""base_optimizer_parameters"":{""linesearch"":true,""sampling_dist"":""gaussian"",""sampling_scheme"":""full-rank"",""samps_per_iter"":256,""step_size"":0.03,""target_rank"":3},""data_seed"":2025,""initialization_seed"":2026,""iterations"":10000,""matrix_shape"":[30,30],""max_queries"":10000,""objective_noise"":0.0,""optimizer_seed"":2027,""recovery_parameters"":{""iters"":15}}",2.3480087500065565,
objective_vs_queries,alternating_projections,ky_fan_regression,30,7680,256,13.828644752502441,9.651965141296387,40,2027,success,"{""base_optimizer_parameters"":{""linesearch"":true,""sampling_dist"":""gaussian"",""sampling_scheme"":""full-rank"",""samps_per_iter"":256,""step_size"":0.03,""target_rank"":3},""data_seed"":2025,""initialization_seed"":2026,""iterations"":10000,""matrix_shape"":[30,30],""max_queries"":10000,""objective_noise"":0.0,""optimizer_seed"":2027,""recovery_parameters"":{""iters"":15}}",2.3480087500065565,
objective_vs_queries,alternating_projections,ky_fan_regression,31,7936,256,13.671792030334473,9.651965141296387,40,2027,success,"{""base_optimizer_parameters"":{""linesearch"":true,""sampling_dist"":""gaussian"",""sampling_scheme"":""full-rank"",""samps_per_iter"":256,""step_size"":0.03,""target_rank"":3},""data_seed"":2025,""initialization_seed"":2026,""iterations"":10000,""matrix_shape"":[30,30],""max_queries"":10000,""objective_noise"":0.0,""optimizer_seed"":2027,""recovery_parameters"":{""iters"":15}}",2.3480087500065565,
objective_vs_queries,alternating_projections,ky_fan_regression,32,8192,256,13.052881240844727,9.651965141296387,40,2027,success,"{""base_optimizer_parameters"":{""linesearch"":true,""sampling_dist"":""gaussian"",""sampling_scheme"":""full-rank"",""samps_per_iter"":256,""step_size"":0.03,""target_rank"":3},""data_seed"":2025,""initialization_seed"":2026,""iterations"":10000,""matrix_shape"":[30,30],""max_queries"":10000,""objective_noise"":0.0,""optimizer_seed"":2027,""recovery_parameters"":{""iters"":15}}",2.3480087500065565,
objective_vs_queries,alternating_projections,ky_fan_regression,33,8448,256,12.457698822021484,9.651965141296387,40,2027,success,"{""base_optimizer_parameters"":{""linesearch"":true,""sampling_dist"":""gaussian"",""sampling_scheme"":""full-rank"",""samps_per_iter"":256,""step_size"":0.03,""target_rank"":3},""data_seed"":2025,""initialization_seed"":2026,""iterations"":10000,""matrix_shape"":[30,30],""max_queries"":10000,""objective_noise"":0.0,""optimizer_seed"":2027,""recovery_parameters"":{""iters"":15}}",2.3480087500065565,
objective_vs_queries,alternating_projections,ky_fan_regression,34,8704,256,12.013107299804688,9.651965141296387,40,2027,success,"{""base_optimizer_parameters"":{""linesearch"":true,""sampling_dist"":""gaussian"",""sampling_scheme"":""full-rank"",""samps_per_iter"":256,""step_size"":0.03,""target_rank"":3},""data_seed"":2025,""initialization_seed"":2026,""iterations"":10000,""matrix_shape"":[30,30],""max_queries"":10000,""objective_noise"":0.0,""optimizer_seed"":2027,""recovery_parameters"":{""iters"":15}}",2.3480087500065565,
objective_vs_queries,alternating_projections,ky_fan_regression,35,8960,256,11.454301834106445,9.651965141296387,40,2027,success,"{""base_optimizer_parameters"":{""linesearch"":true,""sampling_dist"":""gaussian"",""sampling_scheme"":""full-rank"",""samps_per_iter"":256,""step_size"":0.03,""target_rank"":3},""data_seed"":2025,""initialization_seed"":2026,""iterations"":10000,""matrix_shape"":[30,30],""max_queries"":10000,""objective_noise"":0.0,""optimizer_seed"":2027,""recovery_parameters"":{""iters"":15}}",2.3480087500065565,
objective_vs_queries,alternating_projections,ky_fan_regression,36,9216,256,11.199728012084961,9.651965141296387,40,2027,success,"{""base_optimizer_parameters"":{""linesearch"":true,""sampling_dist"":""gaussian"",""sampling_scheme"":""full-rank"",""samps_per_iter"":256,""step_size"":0.03,""target_rank"":3},""data_seed"":2025,""initialization_seed"":2026,""iterations"":10000,""matrix_shape"":[30,30],""max_queries"":10000,""objective_noise"":0.0,""optimizer_seed"":2027,""recovery_parameters"":{""iters"":15}}",2.3480087500065565,
objective_vs_queries,alternating_projections,ky_fan_regression,37,9472,256,10.913873672485352,9.651965141296387,40,2027,success,"{""base_optimizer_parameters"":{""linesearch"":true,""sampling_dist"":""gaussian"",""sampling_scheme"":""full-rank"",""samps_per_iter"":256,""step_size"":0.03,""target_rank"":3},""data_seed"":2025,""initialization_seed"":2026,""iterations"":10000,""matrix_shape"":[30,30],""max_queries"":10000,""objective_noise"":0.0,""optimizer_seed"":2027,""recovery_parameters"":{""iters"":15}}",2.3480087500065565,
objective_vs_queries,alternating_projections,ky_fan_regression,38,9728,256,10.72391128540039,9.651965141296387,40,2027,success,"{""base_optimizer_parameters"":{""linesearch"":true,""sampling_dist"":""gaussian"",""sampling_scheme"":""full-rank"",""samps_per_iter"":256,""step_size"":0.03,""target_rank"":3},""data_seed"":2025,""initialization_seed"":2026,""iterations"":10000,""matrix_shape"":[30,30],""max_queries"":10000,""objective_noise"":0.0,""optimizer_seed"":2027,""recovery_parameters"":{""iters"":15}}",2.3480087500065565,
objective_vs_queries,alternating_projections,ky_fan_regression,39,9984,256,10.333094596862793,9.651965141296387,40,2027,success,"{""base_optimizer_parameters"":{""linesearch"":true,""sampling_dist"":""gaussian"",""sampling_scheme"":""full-rank"",""samps_per_iter"":256,""step_size"":0.03,""target_rank"":3},""data_seed"":2025,""initialization_seed"":2026,""iterations"":10000,""matrix_shape"":[30,30],""max_queries"":10000,""objective_noise"":0.0,""optimizer_seed"":2027,""recovery_parameters"":{""iters"":15}}",2.3480087500065565,
objective_vs_queries,alternating_projections,ky_fan_regression,40,10240,256,9.651965141296387,9.651965141296387,40,2027,success,"{""base_optimizer_parameters"":{""linesearch"":true,""sampling_dist"":""gaussian"",""sampling_scheme"":""full-rank"",""samps_per_iter"":256,""step_size"":0.03,""target_rank"":3},""data_seed"":2025,""initialization_seed"":2026,""iterations"":10000,""matrix_shape"":[30,30],""max_queries"":10000,""objective_noise"":0.0,""optimizer_seed"":2027,""recovery_parameters"":{""iters"":15}}",2.3480087500065565,
objective_vs_queries,alternating_projections,singular_value_sum,0,0,512,428.63525390625,24.97928810119629,20,2027,success,"{""base_optimizer_parameters"":{""linesearch"":true,""sampling_dist"":""gaussian"",""sampling_scheme"":""full-rank"",""samps_per_iter"":512,""step_size"":0.03,""target_rank"":3},""data_seed"":2025,""initialization_seed"":2026,""iterations"":10000,""matrix_shape"":[30,30],""max_queries"":10000,""objective_noise"":0.0,""optimizer_seed"":2027,""recovery_parameters"":{""iters"":20}}",2.2100602500140667,
objective_vs_queries,alternating_projections,singular_value_sum,1,512,512,324.7480773925781,24.97928810119629,20,2027,success,"{""base_optimizer_parameters"":{""linesearch"":true,""sampling_dist"":""gaussian"",""sampling_scheme"":""full-rank"",""samps_per_iter"":512,""step_size"":0.03,""target_rank"":3},""data_seed"":2025,""initialization_seed"":2026,""iterations"":10000,""matrix_shape"":[30,30],""max_queries"":10000,""objective_noise"":0.0,""optimizer_seed"":2027,""recovery_parameters"":{""iters"":20}}",2.2100602500140667,
objective_vs_queries,alternating_projections,singular_value_sum,2,1024,512,232.59698486328125,24.97928810119629,20,2027,success,"{""base_optimizer_parameters"":{""linesearch"":true,""sampling_dist"":""gaussian"",""sampling_scheme"":""full-rank"",""samps_per_iter"":512,""step_size"":0.03,""target_rank"":3},""data_seed"":2025,""initialization_seed"":2026,""iterations"":10000,""matrix_shape"":[30,30],""max_queries"":10000,""objective_noise"":0.0,""optimizer_seed"":2027,""recovery_parameters"":{""iters"":20}}",2.2100602500140667,
objective_vs_queries,alternating_projections,singular_value_sum,3,1536,512,193.3207550048828,24.97928810119629,20,2027,success,"{""base_optimizer_parameters"":{""linesearch"":true,""sampling_dist"":""gaussian"",""sampling_scheme"":""full-rank"",""samps_per_iter"":512,""step_size"":0.03,""target_rank"":3},""data_seed"":2025,""initialization_seed"":2026,""iterations"":10000,""matrix_shape"":[30,30],""max_queries"":10000,""objective_noise"":0.0,""optimizer_seed"":2027,""recovery_parameters"":{""iters"":20}}",2.2100602500140667,
objective_vs_queries,alternating_projections,singular_value_sum,4,2048,512,168.71617126464844,24.97928810119629,20,2027,success,"{""base_optimizer_parameters"":{""linesearch"":true,""sampling_dist"":""gaussian"",""sampling_scheme"":""full-rank"",""samps_per_iter"":512,""step_size"":0.03,""target_rank"":3},""data_seed"":2025,""initialization_seed"":2026,""iterations"":10000,""matrix_shape"":[30,30],""max_queries"":10000,""objective_noise"":0.0,""optimizer_seed"":2027,""recovery_parameters"":{""iters"":20}}",2.2100602500140667,
objective_vs_queries,alternating_projections,singular_value_sum,5,2560,512,143.13270568847656,24.97928810119629,20,2027,success,"{""base_optimizer_parameters"":{""linesearch"":true,""sampling_dist"":""gaussian"",""sampling_scheme"":""full-rank"",""samps_per_iter"":512,""step_size"":0.03,""target_rank"":3},""data_seed"":2025,""initialization_seed"":2026,""iterations"":10000,""matrix_shape"":[30,30],""max_queries"":10000,""objective_noise"":0.0,""optimizer_seed"":2027,""recovery_parameters"":{""iters"":20}}",2.2100602500140667,
objective_vs_queries,alternating_projections,singular_value_sum,6,3072,512,117.46439361572266,24.97928810119629,20,2027,success,"{""base_optimizer_parameters"":{""linesearch"":true,""sampling_dist"":""gaussian"",""sampling_scheme"":""full-rank"",""samps_per_iter"":512,""step_size"":0.03,""target_rank"":3},""data_seed"":2025,""initialization_seed"":2026,""iterations"":10000,""matrix_shape"":[30,30],""max_queries"":10000,""objective_noise"":0.0,""optimizer_seed"":2027,""recovery_parameters"":{""iters"":20}}",2.2100602500140667,
objective_vs_queries,alternating_projections,singular_value_sum,7,3584,512,103.50166320800781,24.97928810119629,20,2027,success,"{""base_optimizer_parameters"":{""linesearch"":true,""sampling_dist"":""gaussian"",""sampling_scheme"":""full-rank"",""samps_per_iter"":512,""step_size"":0.03,""target_rank"":3},""data_seed"":2025,""initialization_seed"":2026,""iterations"":10000,""matrix_shape"":[30,30],""max_queries"":10000,""objective_noise"":0.0,""optimizer_seed"":2027,""recovery_parameters"":{""iters"":20}}",2.2100602500140667,
objective_vs_queries,alternating_projections,singular_value_sum,8,4096,512,90.27250671386719,24.97928810119629,20,2027,success,"{""base_optimizer_parameters"":{""linesearch"":true,""sampling_dist"":""gaussian"",""sampling_scheme"":""full-rank"",""samps_per_iter"":512,""step_size"":0.03,""target_rank"":3},""data_seed"":2025,""initialization_seed"":2026,""iterations"":10000,""matrix_shape"":[30,30],""max_queries"":10000,""objective_noise"":0.0,""optimizer_seed"":2027,""recovery_parameters"":{""iters"":20}}",2.2100602500140667,
objective_vs_queries,alternating_projections,singular_value_sum,9,4608,512,79.1299057006836,24.97928810119629,20,2027,success,"{""base_optimizer_parameters"":{""linesearch"":true,""sampling_dist"":""gaussian"",""sampling_scheme"":""full-rank"",""samps_per_iter"":512,""step_size"":0.03,""target_rank"":3},""data_seed"":2025,""initialization_seed"":2026,""iterations"":10000,""matrix_shape"":[30,30],""max_queries"":10000,""objective_noise"":0.0,""optimizer_seed"":2027,""recovery_parameters"":{""iters"":20}}",2.2100602500140667,
objective_vs_queries,alternating_projections,singular_value_sum,10,5120,512,70.69674682617188,24.97928810119629,20,2027,success,"{""base_optimizer_parameters"":{""linesearch"":true,""sampling_dist"":""gaussian"",""sampling_scheme"":""full-rank"",""samps_per_iter"":512,""step_size"":0.03,""target_rank"":3},""data_seed"":2025,""initialization_seed"":2026,""iterations"":10000,""matrix_shape"":[30,30],""max_queries"":10000,""objective_noise"":0.0,""optimizer_seed"":2027,""recovery_parameters"":{""iters"":20}}",2.2100602500140667,
objective_vs_queries,alternating_projections,singular_value_sum,11,5632,512,59.416534423828125,24.97928810119629,20,2027,success,"{""base_optimizer_parameters"":{""linesearch"":true,""sampling_dist"":""gaussian"",""sampling_scheme"":""full-rank"",""samps_per_iter"":512,""step_size"":0.03,""target_rank"":3},""data_seed"":2025,""initialization_seed"":2026,""iterations"":10000,""matrix_shape"":[30,30],""max_queries"":10000,""objective_noise"":0.0,""optimizer_seed"":2027,""recovery_parameters"":{""iters"":20}}",2.2100602500140667,
objective_vs_queries,alternating_projections,singular_value_sum,12,6144,512,53.94742202758789,24.97928810119629,20,2027,success,"{""base_optimizer_parameters"":{""linesearch"":true,""sampling_dist"":""gaussian"",""sampling_scheme"":""full-rank"",""samps_per_iter"":512,""step_size"":0.03,""target_rank"":3},""data_seed"":2025,""initialization_seed"":2026,""iterations"":10000,""matrix_shape"":[30,30],""max_queries"":10000,""objective_noise"":0.0,""optimizer_seed"":2027,""recovery_parameters"":{""iters"":20}}",2.2100602500140667,
objective_vs_queries,alternating_projections,singular_value_sum,13,6656,512,48.920684814453125,24.97928810119629,20,2027,success,"{""base_optimizer_parameters"":{""linesearch"":true,""sampling_dist"":""gaussian"",""sampling_scheme"":""full-rank"",""samps_per_iter"":512,""step_size"":0.03,""target_rank"":3},""data_seed"":2025,""initialization_seed"":2026,""iterations"":10000,""matrix_shape"":[30,30],""max_queries"":10000,""objective_noise"":0.0,""optimizer_seed"":2027,""recovery_parameters"":{""iters"":20}}",2.2100602500140667,
objective_vs_queries,alternating_projections,singular_value_sum,14,7168,512,44.199928283691406,24.97928810119629,20,2027,success,"{""base_optimizer_parameters"":{""linesearch"":true,""sampling_dist"":""gaussian"",""sampling_scheme"":""full-rank"",""samps_per_iter"":512,""step_size"":0.03,""target_rank"":3},""data_seed"":2025,""initialization_seed"":2026,""iterations"":10000,""matrix_shape"":[30,30],""max_queries"":10000,""objective_noise"":0.0,""optimizer_seed"":2027,""recovery_parameters"":{""iters"":20}}",2.2100602500140667,
objective_vs_queries,alternating_projections,singular_value_sum,15,7680,512,39.532562255859375,24.97928810119629,20,2027,success,"{""base_optimizer_parameters"":{""linesearch"":true,""sampling_dist"":""gaussian"",""sampling_scheme"":""full-rank"",""samps_per_iter"":512,""step_size"":0.03,""target_rank"":3},""data_seed"":2025,""initialization_seed"":2026,""iterations"":10000,""matrix_shape"":[30,30],""max_queries"":10000,""objective_noise"":0.0,""optimizer_seed"":2027,""recovery_parameters"":{""iters"":20}}",2.2100602500140667,
objective_vs_queries,alternating_projections,singular_value_sum,16,8192,512,35.000579833984375,24.97928810119629,20,2027,success,"{""base_optimizer_parameters"":{""linesearch"":true,""sampling_dist"":""gaussian"",""sampling_scheme"":""full-rank"",""samps_per_iter"":512,""step_size"":0.03,""target_rank"":3},""data_seed"":2025,""initialization_seed"":2026,""iterations"":10000,""matrix_shape"":[30,30],""max_queries"":10000,""objective_noise"":0.0,""optimizer_seed"":2027,""recovery_parameters"":{""iters"":20}}",2.2100602500140667,
objective_vs_queries,alternating_projections,singular_value_sum,17,8704,512,33.05902862548828,24.97928810119629,20,2027,success,"{""base_optimizer_parameters"":{""linesearch"":true,""sampling_dist"":""gaussian"",""sampling_scheme"":""full-rank"",""samps_per_iter"":512,""step_size"":0.03,""target_rank"":3},""data_seed"":2025,""initialization_seed"":2026,""iterations"":10000,""matrix_shape"":[30,30],""max_queries"":10000,""objective_noise"":0.0,""optimizer_seed"":2027,""recovery_parameters"":{""iters"":20}}",2.2100602500140667,
objective_vs_queries,alternating_projections,singular_value_sum,18,9216,512,28.392026901245117,24.97928810119629,20,2027,success,"{""base_optimizer_parameters"":{""linesearch"":true,""sampling_dist"":""gaussian"",""sampling_scheme"":""full-rank"",""samps_per_iter"":512,""step_size"":0.03,""target_rank"":3},""data_seed"":2025,""initialization_seed"":2026,""iterations"":10000,""matrix_shape"":[30,30],""max_queries"":10000,""objective_noise"":0.0,""optimizer_seed"":2027,""recovery_parameters"":{""iters"":20}}",2.2100602500140667,
objective_vs_queries,alternating_projections,singular_value_sum,19,9728,512,26.506786346435547,24.97928810119629,20,2027,success,"{""base_optimizer_parameters"":{""linesearch"":true,""sampling_dist"":""gaussian"",""sampling_scheme"":""full-rank"",""samps_per_iter"":512,""step_size"":0.03,""target_rank"":3},""data_seed"":2025,""initialization_seed"":2026,""iterations"":10000,""matrix_shape"":[30,30],""max_queries"":10000,""objective_noise"":0.0,""optimizer_seed"":2027,""recovery_parameters"":{""iters"":20}}",2.2100602500140667,
objective_vs_queries,alternating_projections,singular_value_sum,20,10240,512,24.97928810119629,24.97928810119629,20,2027,success,"{""base_optimizer_parameters"":{""linesearch"":true,""sampling_dist"":""gaussian"",""sampling_scheme"":""full-rank"",""samps_per_iter"":512,""step_size"":0.03,""target_rank"":3},""data_seed"":2025,""initialization_seed"":2026,""iterations"":10000,""matrix_shape"":[30,30],""max_queries"":10000,""objective_noise"":0.0,""optimizer_seed"":2027,""recovery_parameters"":{""iters"":20}}",2.2100602500140667,
objective_vs_queries,iterative_hard_thresholding,ky_fan_regression,0,0,256,38.678131103515625,11.92440414428711,40,2027,success,"{""base_optimizer_parameters"":{""linesearch"":true,""sampling_dist"":""gaussian"",""sampling_scheme"":""full-rank"",""samps_per_iter"":256,""step_size"":0.03,""target_rank"":3},""data_seed"":2025,""initialization_seed"":2026,""iterations"":10000,""matrix_shape"":[30,30],""max_queries"":10000,""objective_noise"":0.0,""optimizer_seed"":2027,""recovery_parameters"":{""iters"":10}}",0.7041951660066843,
objective_vs_queries,iterative_hard_thresholding,ky_fan_regression,1,256,256,36.047523498535156,11.92440414428711,40,2027,success,"{""base_optimizer_parameters"":{""linesearch"":true,""sampling_dist"":""gaussian"",""sampling_scheme"":""full-rank"",""samps_per_iter"":256,""step_size"":0.03,""target_rank"":3},""data_seed"":2025,""initialization_seed"":2026,""iterations"":10000,""matrix_shape"":[30,30],""max_queries"":10000,""objective_noise"":0.0,""optimizer_seed"":2027,""recovery_parameters"":{""iters"":10}}",0.7041951660066843,
objective_vs_queries,iterative_hard_thresholding,ky_fan_regression,2,512,256,34.635009765625,11.92440414428711,40,2027,success,"{""base_optimizer_parameters"":{""linesearch"":true,""sampling_dist"":""gaussian"",""sampling_scheme"":""full-rank"",""samps_per_iter"":256,""step_size"":0.03,""target_rank"":3},""data_seed"":2025,""initialization_seed"":2026,""iterations"":10000,""matrix_shape"":[30,30],""max_queries"":10000,""objective_noise"":0.0,""optimizer_seed"":2027,""recovery_parameters"":{""iters"":10}}",0.7041951660066843,
objective_vs_queries,iterative_hard_thresholding,ky_fan_regression,3,768,256,32.82057189941406,11.92440414428711,40,2027,success,"{""base_optimizer_parameters"":{""linesearch"":true,""sampling_dist"":""gaussian"",""sampling_scheme"":""full-rank"",""samps_per_iter"":256,""step_size"":0.03,""target_rank"":3},""data_seed"":2025,""initialization_seed"":2026,""iterations"":10000,""matrix_shape"":[30,30],""max_queries"":10000,""objective_noise"":0.0,""optimizer_seed"":2027,""recovery_parameters"":{""iters"":10}}",0.7041951660066843,
objective_vs_queries,iterative_hard_thresholding,ky_fan_regression,4,1024,256,32.14064025878906,11.92440414428711,40,2027,success,"{""base_optimizer_parameters"":{""linesearch"":true,""sampling_dist"":""gaussian"",""sampling_scheme"":""full-rank"",""samps_per_iter"":256,""step_size"":0.03,""target_rank"":3},""data_seed"":2025,""initialization_seed"":2026,""iterations"":10000,""matrix_shape"":[30,30],""max_queries"":10000,""objective_noise"":0.0,""optimizer_seed"":2027,""recovery_parameters"":{""iters"":10}}",0.7041951660066843,
objective_vs_queries,iterative_hard_thresholding,ky_fan_regression,5,1280,256,30.66874122619629,11.92440414428711,40,2027,success,"{""base_optimizer_parameters"":{""linesearch"":true,""sampling_dist"":""gaussian"",""sampling_scheme"":""full-rank"",""samps_per_iter"":256,""step_size"":0.03,""target_rank"":3},""data_seed"":2025,""initialization_seed"":2026,""iterations"":10000,""matrix_shape"":[30,30],""max_queries"":10000,""objective_noise"":0.0,""optimizer_seed"":2027,""recovery_parameters"":{""iters"":10}}",0.7041951660066843,
objective_vs_queries,iterative_hard_thresholding,ky_fan_regression,6,1536,256,29.763595581054688,11.92440414428711,40,2027,success,"{""base_optimizer_parameters"":{""linesearch"":true,""sampling_dist"":""gaussian"",""sampling_scheme"":""full-rank"",""samps_per_iter"":256,""step_size"":0.03,""target_rank"":3},""data_seed"":2025,""initialization_seed"":2026,""iterations"":10000,""matrix_shape"":[30,30],""max_queries"":10000,""objective_noise"":0.0,""optimizer_seed"":2027,""recovery_parameters"":{""iters"":10}}",0.7041951660066843,
objective_vs_queries,iterative_hard_thresholding,ky_fan_regression,7,1792,256,29.129859924316406,11.92440414428711,40,2027,success,"{""base_optimizer_parameters"":{""linesearch"":true,""sampling_dist"":""gaussian"",""sampling_scheme"":""full-rank"",""samps_per_iter"":256,""step_size"":0.03,""target_rank"":3},""data_seed"":2025,""initialization_seed"":2026,""iterations"":10000,""matrix_shape"":[30,30],""max_queries"":10000,""objective_noise"":0.0,""optimizer_seed"":2027,""recovery_parameters"":{""iters"":10}}",0.7041951660066843,
objective_vs_queries,iterative_hard_thresholding,ky_fan_regression,8,2048,256,28.131370544433594,11.92440414428711,40,2027,success,"{""base_optimizer_parameters"":{""linesearch"":true,""sampling_dist"":""gaussian"",""sampling_scheme"":""full-rank"",""samps_per_iter"":256,""step_size"":0.03,""target_rank"":3},""data_seed"":2025,""initialization_seed"":2026,""iterations"":10000,""matrix_shape"":[30,30],""max_queries"":10000,""objective_noise"":0.0,""optimizer_seed"":2027,""recovery_parameters"":{""iters"":10}}",0.7041951660066843,
objective_vs_queries,iterative_hard_thresholding,ky_fan_regression,9,2304,256,27.430984497070312,11.92440414428711,40,2027,success,"{""base_optimizer_parameters"":{""linesearch"":true,""sampling_dist"":""gaussian"",""sampling_scheme"":""full-rank"",""samps_per_iter"":256,""step_size"":0.03,""target_rank"":3},""data_seed"":2025,""initialization_seed"":2026,""iterations"":10000,""matrix_shape"":[30,30],""max_queries"":10000,""objective_noise"":0.0,""optimizer_seed"":2027,""recovery_parameters"":{""iters"":10}}",0.7041951660066843,
objective_vs_queries,iterative_hard_thresholding,ky_fan_regression,10,2560,256,26.84017562866211,11.92440414428711,40,2027,success,"{""base_optimizer_parameters"":{""linesearch"":true,""sampling_dist"":""gaussian"",""sampling_scheme"":""full-rank"",""samps_per_iter"":256,""step_size"":0.03,""target_rank"":3},""data_seed"":2025,""initialization_seed"":2026,""iterations"":10000,""matrix_shape"":[30,30],""max_queries"":10000,""objective_noise"":0.0,""optimizer_seed"":2027,""recovery_parameters"":{""iters"":10}}",0.7041951660066843,
objective_vs_queries,iterative_hard_thresholding,ky_fan_regression,11,2816,256,25.997844696044922,11.92440414428711,40,2027,success,"{""base_optimizer_parameters"":{""linesearch"":true,""sampling_dist"":""gaussian"",""sampling_scheme"":""full-rank"",""samps_per_iter"":256,""step_size"":0.03,""target_rank"":3},""data_seed"":2025,""initialization_seed"":2026,""iterations"":10000,""matrix_shape"":[30,30],""max_queries"":10000,""objective_noise"":0.0,""optimizer_seed"":2027,""recovery_parameters"":{""iters"":10}}",0.7041951660066843,
objective_vs_queries,iterative_hard_thresholding,ky_fan_regression,12,3072,256,25.231887817382812,11.92440414428711,40,2027,success,"{""base_optimizer_parameters"":{""linesearch"":true,""sampling_dist"":""gaussian"",""sampling_scheme"":""full-rank"",""samps_per_iter"":256,""step_size"":0.03,""target_rank"":3},""data_seed"":2025,""initialization_seed"":2026,""iterations"":10000,""matrix_shape"":[30,30],""max_queries"":10000,""objective_noise"":0.0,""optimizer_seed"":2027,""recovery_parameters"":{""iters"":10}}",0.7041951660066843,
objective_vs_queries,iterative_hard_thresholding,ky_fan_regression,13,3328,256,24.67247772216797,11.92440414428711,40,2027,success,"{""base_optimizer_parameters"":{""linesearch"":true,""sampling_dist"":""gaussian"",""sampling_scheme"":""full-rank"",""samps_per_iter"":256,""step_size"":0.03,""target_rank"":3},""data_seed"":2025,""initialization_seed"":2026,""iterations"":10000,""matrix_shape"":[30,30],""max_queries"":10000,""objective_noise"":0.0,""optimizer_seed"":2027,""recovery_parameters"":{""iters"":10}}",0.7041951660066843,
objective_vs_queries,iterative_hard_thresholding,ky_fan_regression,14,3584,256,24.273822784423828,11.92440414428711,40,2027,success,"{""base_optimizer_parameters"":{""linesearch"":true,""sampling_dist"":""gaussian"",""sampling_scheme"":""full-rank"",""samps_per_iter"":256,""step_size"":0.03,""target_rank"":3},""data_seed"":2025,""initialization_seed"":2026,""iterations"":10000,""matrix_shape"":[30,30],""max_queries"":10000,""objective_noise"":0.0,""optimizer_seed"":2027,""recovery_parameters"":{""iters"":10}}",0.7041951660066843,
objective_vs_queries,iterative_hard_thresholding,ky_fan_regression,15,3840,256,23.390396118164062,11.92440414428711,40,2027,success,"{""base_optimizer_parameters"":{""linesearch"":true,""sampling_dist"":""gaussian"",""sampling_scheme"":""full-rank"",""samps_per_iter"":256,""step_size"":0.03,""target_rank"":3},""data_seed"":2025,""initialization_seed"":2026,""iterations"":10000,""matrix_shape"":[30,30],""max_queries"":10000,""objective_noise"":0.0,""optimizer_seed"":2027,""recovery_parameters"":{""iters"":10}}",0.7041951660066843,
objective_vs_queries,iterative_hard_thresholding,ky_fan_regression,16,4096,256,22.820064544677734,11.92440414428711,40,2027,success,"{""base_optimizer_parameters"":{""linesearch"":true,""sampling_dist"":""gaussian"",""sampling_scheme"":""full-rank"",""samps_per_iter"":256,""step_size"":0.03,""target_rank"":3},""data_seed"":2025,""initialization_seed"":2026,""iterations"":10000,""matrix_shape"":[30,30],""max_queries"":10000,""objective_noise"":0.0,""optimizer_seed"":2027,""recovery_parameters"":{""iters"":10}}",0.7041951660066843,
objective_vs_queries,iterative_hard_thresholding,ky_fan_regression,17,4352,256,22.276222229003906,11.92440414428711,40,2027,success,"{""base_optimizer_parameters"":{""linesearch"":true,""sampling_dist"":""gaussian"",""sampling_scheme"":""full-rank"",""samps_per_iter"":256,""step_size"":0.03,""target_rank"":3},""data_seed"":2025,""initialization_seed"":2026,""iterations"":10000,""matrix_shape"":[30,30],""max_queries"":10000,""objective_noise"":0.0,""optimizer_seed"":2027,""recovery_parameters"":{""iters"":10}}",0.7041951660066843,
objective_vs_queries,iterative_hard_thresholding,ky_fan_regression,18,4608,256,21.834514617919922,11.92440414428711,40,2027,success,"{""base_optimizer_parameters"":{""linesearch"":true,""sampling_dist"":""gaussian"",""sampling_scheme"":""full-rank"",""samps_per_iter"":256,""step_size"":0.03,""target_rank"":3},""data_seed"":2025,""initialization_seed"":2026,""iterations"":10000,""matrix_shape"":[30,30],""max_queries"":10000,""objective_noise"":0.0,""optimizer_seed"":2027,""recovery_parameters"":{""iters"":10}}",0.7041951660066843,
objective_vs_queries,iterative_hard_thresholding,ky_fan_regression,19,4864,256,21.161619186401367,11.92440414428711,40,2027,success,"{""base_optimizer_parameters"":{""linesearch"":true,""sampling_dist"":""gaussian"",""sampling_scheme"":""full-rank"",""samps_per_iter"":256,""step_size"":0.03,""target_rank"":3},""data_seed"":2025,""initialization_seed"":2026,""iterations"":10000,""matrix_shape"":[30,30],""max_queries"":10000,""objective_noise"":0.0,""optimizer_seed"":2027,""recovery_parameters"":{""iters"":10}}",0.7041951660066843,
objective_vs_queries,iterative_hard_thresholding,ky_fan_regression,20,5120,256,20.44843864440918,11.92440414428711,40,2027,success,"{""base_optimizer_parameters"":{""linesearch"":true,""sampling_dist"":""gaussian"",""sampling_scheme"":""full-rank"",""samps_per_iter"":256,""step_size"":0.03,""target_rank"":3},""data_seed"":2025,""initialization_seed"":2026,""iterations"":10000,""matrix_shape"":[30,30],""max_queries"":10000,""objective_noise"":0.0,""optimizer_seed"":2027,""recovery_parameters"":{""iters"":10}}",0.7041951660066843,
objective_vs_queries,iterative_hard_thresholding,ky_fan_regression,21,5376,256,19.959003448486328,11.92440414428711,40,2027,success,"{""base_optimizer_parameters"":{""linesearch"":true,""sampling_dist"":""gaussian"",""sampling_scheme"":""full-rank"",""samps_per_iter"":256,""step_size"":0.03,""target_rank"":3},""data_seed"":2025,""initialization_seed"":2026,""iterations"":10000,""matrix_shape"":[30,30],""max_queries"":10000,""objective_noise"":0.0,""optimizer_seed"":2027,""recovery_parameters"":{""iters"":10}}",0.7041951660066843,
objective_vs_queries,iterative_hard_thresholding,ky_fan_regression,22,5632,256,19.507293701171875,11.92440414428711,40,2027,success,"{""base_optimizer_parameters"":{""linesearch"":true,""sampling_dist"":""gaussian"",""sampling_scheme"":""full-rank"",""samps_per_iter"":256,""step_size"":0.03,""target_rank"":3},""data_seed"":2025,""initialization_seed"":2026,""iterations"":10000,""matrix_shape"":[30,30],""max_queries"":10000,""objective_noise"":0.0,""optimizer_seed"":2027,""recovery_parameters"":{""iters"":10}}",0.7041951660066843,
objective_vs_queries,iterative_hard_thresholding,ky_fan_regression,23,5888,256,19.01064682006836,11.92440414428711,40,2027,success,"{""base_optimizer_parameters"":{""linesearch"":true,""sampling_dist"":""gaussian"",""sampling_scheme"":""full-rank"",""samps_per_iter"":256,""step_size"":0.03,""target_rank"":3},""data_seed"":2025,""initialization_seed"":2026,""iterations"":10000,""matrix_shape"":[30,30],""max_queries"":10000,""objective_noise"":0.0,""optimizer_seed"":2027,""recovery_parameters"":{""iters"":10}}",0.7041951660066843,
objective_vs_queries,iterative_hard_thresholding,ky_fan_regression,24,6144,256,18.408437728881836,11.92440414428711,40,2027,success,"{""base_optimizer_parameters"":{""linesearch"":true,""sampling_dist"":""gaussian"",""sampling_scheme"":""full-rank"",""samps_per_iter"":256,""step_size"":0.03,""target_rank"":3},""data_seed"":2025,""initialization_seed"":2026,""iterations"":10000,""matrix_shape"":[30,30],""max_queries"":10000,""objective_noise"":0.0,""optimizer_seed"":2027,""recovery_parameters"":{""iters"":10}}",0.7041951660066843,
objective_vs_queries,iterative_hard_thresholding,ky_fan_regression,25,6400,256,17.8980712890625,11.92440414428711,40,2027,success,"{""base_optimizer_parameters"":{""linesearch"":true,""sampling_dist"":""gaussian"",""sampling_scheme"":""full-rank"",""samps_per_iter"":256,""step_size"":0.03,""target_rank"":3},""data_seed"":2025,""initialization_seed"":2026,""iterations"":10000,""matrix_shape"":[30,30],""max_queries"":10000,""objective_noise"":0.0,""optimizer_seed"":2027,""recovery_parameters"":{""iters"":10}}",0.7041951660066843,
objective_vs_queries,iterative_hard_thresholding,ky_fan_regression,26,6656,256,17.48480224609375,11.92440414428711,40,2027,success,"{""base_optimizer_parameters"":{""linesearch"":true,""sampling_dist"":""gaussian"",""sampling_scheme"":""full-rank"",""samps_per_iter"":256,""step_size"":0.03,""target_rank"":3},""data_seed"":2025,""initialization_seed"":2026,""iterations"":10000,""matrix_shape"":[30,30],""max_queries"":10000,""objective_noise"":0.0,""optimizer_seed"":2027,""recovery_parameters"":{""iters"":10}}",0.7041951660066843,
objective_vs_queries,iterative_hard_thresholding,ky_fan_regression,27,6912,256,17.16187286376953,11.92440414428711,40,2027,success,"{""base_optimizer_parameters"":{""linesearch"":true,""sampling_dist"":""gaussian"",""sampling_scheme"":""full-rank"",""samps_per_iter"":256,""step_size"":0.03,""target_rank"":3},""data_seed"":2025,""initialization_seed"":2026,""iterations"":10000,""matrix_shape"":[30,30],""max_queries"":10000,""objective_noise"":0.0,""optimizer_seed"":2027,""recovery_parameters"":{""iters"":10}}",0.7041951660066843,
objective_vs_queries,iterative_hard_thresholding,ky_fan_regression,28,7168,256,16.68644905090332,11.92440414428711,40,2027,success,"{""base_optimizer_parameters"":{""linesearch"":true,""sampling_dist"":""gaussian"",""sampling_scheme"":""full-rank"",""samps_per_iter"":256,""step_size"":0.03,""target_rank"":3},""data_seed"":2025,""initialization_seed"":2026,""iterations"":10000,""matrix_shape"":[30,30],""max_queries"":10000,""objective_noise"":0.0,""optimizer_seed"":2027,""recovery_parameters"":{""iters"":10}}",0.7041951660066843,
objective_vs_queries,iterative_hard_thresholding,ky_fan_regression,29,7424,256,16.209331512451172,11.92440414428711,40,2027,success,"{""base_optimizer_parameters"":{""linesearch"":true,""sampling_dist"":""gaussian"",""sampling_scheme"":""full-rank"",""samps_per_iter"":256,""step_size"":0.03,""target_rank"":3},""data_seed"":2025,""initialization_seed"":2026,""iterations"":10000,""matrix_shape"":[30,30],""max_queries"":10000,""objective_noise"":0.0,""optimizer_seed"":2027,""recovery_parameters"":{""iters"":10}}",0.7041951660066843,
objective_vs_queries,iterative_hard_thresholding,ky_fan_regression,30,7680,256,15.744527816772461,11.92440414428711,40,2027,success,"{""base_optimizer_parameters"":{""linesearch"":true,""sampling_dist"":""gaussian"",""sampling_scheme"":""full-rank"",""samps_per_iter"":256,""step_size"":0.03,""target_rank"":3},""data_seed"":2025,""initialization_seed"":2026,""iterations"":10000,""matrix_shape"":[30,30],""max_queries"":10000,""objective_noise"":0.0,""optimizer_seed"":2027,""recovery_parameters"":{""iters"":10}}",0.7041951660066843,
objective_vs_queries,iterative_hard_thresholding,ky_fan_regression,31,7936,256,15.371232986450195,11.92440414428711,40,2027,success,"{""base_optimizer_parameters"":{""linesearch"":true,""sampling_dist"":""gaussian"",""sampling_scheme"":""full-rank"",""samps_per_iter"":256,""step_size"":0.03,""target_rank"":3},""data_seed"":2025,""initialization_seed"":2026,""iterations"":10000,""matrix_shape"":[30,30],""max_queries"":10000,""objective_noise"":0.0,""optimizer_seed"":2027,""recovery_parameters"":{""iters"":10}}",0.7041951660066843,
objective_vs_queries,iterative_hard_thresholding,ky_fan_regression,32,8192,256,14.96525764465332,11.92440414428711,40,2027,success,"{""base_optimizer_parameters"":{""linesearch"":true,""sampling_dist"":""gaussian"",""sampling_scheme"":""full-rank"",""samps_per_iter"":256,""step_size"":0.03,""target_rank"":3},""data_seed"":2025,""initialization_seed"":2026,""iterations"":10000,""matrix_shape"":[30,30],""max_queries"":10000,""objective_noise"":0.0,""optimizer_seed"":2027,""recovery_parameters"":{""iters"":10}}",0.7041951660066843,
objective_vs_queries,iterative_hard_thresholding,ky_fan_regression,33,8448,256,14.6322660446167,11.92440414428711,40,2027,success,"{""base_optimizer_parameters"":{""linesearch"":true,""sampling_dist"":""gaussian"",""sampling_scheme"":""full-rank"",""samps_per_iter"":256,""step_size"":0.03,""target_rank"":3},""data_seed"":2025,""initialization_seed"":2026,""iterations"":10000,""matrix_shape"":[30,30],""max_queries"":10000,""objective_noise"":0.0,""optimizer_seed"":2027,""recovery_parameters"":{""iters"":10}}",0.7041951660066843,
objective_vs_queries,iterative_hard_thresholding,ky_fan_regression,34,8704,256,14.26125717163086,11.92440414428711,40,2027,success,"{""base_optimizer_parameters"":{""linesearch"":true,""sampling_dist"":""gaussian"",""sampling_scheme"":""full-rank"",""samps_per_iter"":256,""step_size"":0.03,""target_rank"":3},""data_seed"":2025,""initialization_seed"":2026,""iterations"":10000,""matrix_shape"":[30,30],""max_queries"":10000,""objective_noise"":0.0,""optimizer_seed"":2027,""recovery_parameters"":{""iters"":10}}",0.7041951660066843,
objective_vs_queries,iterative_hard_thresholding,ky_fan_regression,35,8960,256,13.737602233886719,11.92440414428711,40,2027,success,"{""base_optimizer_parameters"":{""linesearch"":true,""sampling_dist"":""gaussian"",""sampling_scheme"":""full-rank"",""samps_per_iter"":256,""step_size"":0.03,""target_rank"":3},""data_seed"":2025,""initialization_seed"":2026,""iterations"":10000,""matrix_shape"":[30,30],""max_queries"":10000,""objective_noise"":0.0,""optimizer_seed"":2027,""recovery_parameters"":{""iters"":10}}",0.7041951660066843,
objective_vs_queries,iterative_hard_thresholding,ky_fan_regression,36,9216,256,13.305262565612793,11.92440414428711,40,2027,success,"{""base_optimizer_parameters"":{""linesearch"":true,""sampling_dist"":""gaussian"",""sampling_scheme"":""full-rank"",""samps_per_iter"":256,""step_size"":0.03,""target_rank"":3},""data_seed"":2025,""initialization_seed"":2026,""iterations"":10000,""matrix_shape"":[30,30],""max_queries"":10000,""objective_noise"":0.0,""optimizer_seed"":2027,""recovery_parameters"":{""iters"":10}}",0.7041951660066843,
objective_vs_queries,iterative_hard_thresholding,ky_fan_regression,37,9472,256,12.977317810058594,11.92440414428711,40,2027,success,"{""base_optimizer_parameters"":{""linesearch"":true,""sampling_dist"":""gaussian"",""sampling_scheme"":""full-rank"",""samps_per_iter"":256,""step_size"":0.03,""target_rank"":3},""data_seed"":2025,""initialization_seed"":2026,""iterations"":10000,""matrix_shape"":[30,30],""max_queries"":10000,""objective_noise"":0.0,""optimizer_seed"":2027,""recovery_parameters"":{""iters"":10}}",0.7041951660066843,
objective_vs_queries,iterative_hard_thresholding,ky_fan_regression,38,9728,256,12.542389869689941,11.92440414428711,40,2027,success,"{""base_optimizer_parameters"":{""linesearch"":true,""sampling_dist"":""gaussian"",""sampling_scheme"":""full-rank"",""samps_per_iter"":256,""step_size"":0.03,""target_rank"":3},""data_seed"":2025,""initialization_seed"":2026,""iterations"":10000,""matrix_shape"":[30,30],""max_queries"":10000,""objective_noise"":0.0,""optimizer_seed"":2027,""recovery_parameters"":{""iters"":10}}",0.7041951660066843,
objective_vs_queries,iterative_hard_thresholding,ky_fan_regression,39,9984,256,12.1995849609375,11.92440414428711,40,2027,success,"{""base_optimizer_parameters"":{""linesearch"":true,""sampling_dist"":""gaussian"",""sampling_scheme"":""full-rank"",""samps_per_iter"":256,""step_size"":0.03,""target_rank"":3},""data_seed"":2025,""initialization_seed"":2026,""iterations"":10000,""matrix_shape"":[30,30],""max_queries"":10000,""objective_noise"":0.0,""optimizer_seed"":2027,""recovery_parameters"":{""iters"":10}}",0.7041951660066843,
objective_vs_queries,iterative_hard_thresholding,ky_fan_regression,40,10240,256,11.92440414428711,11.92440414428711,40,2027,success,"{""base_optimizer_parameters"":{""linesearch"":true,""sampling_dist"":""gaussian"",""sampling_scheme"":""full-rank"",""samps_per_iter"":256,""step_size"":0.03,""target_rank"":3},""data_seed"":2025,""initialization_seed"":2026,""iterations"":10000,""matrix_shape"":[30,30],""max_queries"":10000,""objective_noise"":0.0,""optimizer_seed"":2027,""recovery_parameters"":{""iters"":10}}",0.7041951660066843,
objective_vs_queries,iterative_hard_thresholding,singular_value_sum,0,0,256,428.63525390625,0.5006275773048401,40,2027,success,"{""base_optimizer_parameters"":{""linesearch"":true,""sampling_dist"":""gaussian"",""sampling_scheme"":""full-rank"",""samps_per_iter"":256,""step_size"":0.03,""target_rank"":3},""data_seed"":2025,""initialization_seed"":2026,""iterations"":10000,""matrix_shape"":[30,30],""max_queries"":10000,""objective_noise"":0.0,""optimizer_seed"":2027,""recovery_parameters"":{""iters"":10}}",0.49154779128730297,
objective_vs_queries,iterative_hard_thresholding,singular_value_sum,1,256,256,400.0346374511719,0.5006275773048401,40,2027,success,"{""base_optimizer_parameters"":{""linesearch"":true,""sampling_dist"":""gaussian"",""sampling_scheme"":""full-rank"",""samps_per_iter"":256,""step_size"":0.03,""target_rank"":3},""data_seed"":2025,""initialization_seed"":2026,""iterations"":10000,""matrix_shape"":[30,30],""max_queries"":10000,""objective_noise"":0.0,""optimizer_seed"":2027,""recovery_parameters"":{""iters"":10}}",0.49154779128730297,
objective_vs_queries,iterative_hard_thresholding,singular_value_sum,2,512,256,298.1515197753906,0.5006275773048401,40,2027,success,"{""base_optimizer_parameters"":{""linesearch"":true,""sampling_dist"":""gaussian"",""sampling_scheme"":""full-rank"",""samps_per_iter"":256,""step_size"":0.03,""target_rank"":3},""data_seed"":2025,""initialization_seed"":2026,""iterations"":10000,""matrix_shape"":[30,30],""max_queries"":10000,""objective_noise"":0.0,""optimizer_seed"":2027,""recovery_parameters"":{""iters"":10}}",0.49154779128730297,
objective_vs_queries,iterative_hard_thresholding,singular_value_sum,3,768,256,222.11376953125,0.5006275773048401,40,2027,success,"{""base_optimizer_parameters"":{""linesearch"":true,""sampling_dist"":""gaussian"",""sampling_scheme"":""full-rank"",""samps_per_iter"":256,""step_size"":0.03,""target_rank"":3},""data_seed"":2025,""initialization_seed"":2026,""iterations"":10000,""matrix_shape"":[30,30],""max_queries"":10000,""objective_noise"":0.0,""optimizer_seed"":2027,""recovery_parameters"":{""iters"":10}}",0.49154779128730297,
objective_vs_queries,iterative_hard_thresholding,singular_value_sum,4,1024,256,205.34384155273438,0.5006275773048401,40,2027,success,"{""base_optimizer_parameters"":{""linesearch"":true,""sampling_dist"":""gaussian"",""sampling_scheme"":""full-rank"",""samps_per_iter"":256,""step_size"":0.03,""target_rank"":3},""data_seed"":2025,""initialization_seed"":2026,""iterations"":10000,""matrix_shape"":[30,30],""max_queries"":10000,""objective_noise"":0.0,""optimizer_seed"":2027,""recovery_parameters"":{""iters"":10}}",0.49154779128730297,
objective_vs_queries,iterative_hard_thresholding,singular_value_sum,5,1280,256,164.0760498046875,0.5006275773048401,40,2027,success,"{""base_optimizer_parameters"":{""linesearch"":true,""sampling_dist"":""gaussian"",""sampling_scheme"":""full-rank"",""samps_per_iter"":256,""step_size"":0.03,""target_rank"":3},""data_seed"":2025,""initialization_seed"":2026,""iterations"":10000,""matrix_shape"":[30,30],""max_queries"":10000,""objective_noise"":0.0,""optimizer_seed"":2027,""recovery_parameters"":{""iters"":10}}",0.49154779128730297,
objective_vs_queries,iterative_hard_thresholding,singular_value_sum,6,1536,256,127.83272552490234,0.5006275773048401,40,2027,success,"{""base_optimizer_parameters"":{""linesearch"":true,""sampling_dist"":""gaussian"",""sampling_scheme"":""full-rank"",""samps_per_iter"":256,""step_size"":0.03,""target_rank"":3},""data_seed"":2025,""initialization_seed"":2026,""iterations"":10000,""matrix_shape"":[30,30],""max_queries"":10000,""objective_noise"":0.0,""optimizer_seed"":2027,""recovery_parameters"":{""iters"":10}}",0.49154779128730297,
objective_vs_queries,iterative_hard_thresholding,singular_value_sum,7,1792,256,112.17645263671875,0.5006275773048401,40,2027,success,"{""base_optimizer_parameters"":{""linesearch"":true,""sampling_dist"":""gaussian"",""sampling_scheme"":""full-rank"",""samps_per_iter"":256,""step_size"":0.03,""target_rank"":3},""data_seed"":2025,""initialization_seed"":2026,""iterations"":10000,""matrix_shape"":[30,30],""max_queries"":10000,""objective_noise"":0.0,""optimizer_seed"":2027,""recovery_parameters"":{""iters"":10}}",0.49154779128730297,
objective_vs_queries,iterative_hard_thresholding,singular_value_sum,8,2048,256,88.41828155517578,0.5006275773048401,40,2027,success,"{""base_optimizer_parameters"":{""linesearch"":true,""sampling_dist"":""gaussian"",""sampling_scheme"":""full-rank"",""samps_per_iter"":256,""step_size"":0.03,""target_rank"":3},""data_seed"":2025,""initialization_seed"":2026,""iterations"":10000,""matrix_shape"":[30,30],""max_queries"":10000,""objective_noise"":0.0,""optimizer_seed"":2027,""recovery_parameters"":{""iters"":10}}",0.49154779128730297,
objective_vs_queries,iterative_hard_thresholding,singular_value_sum,9,2304,256,71.77059936523438,0.5006275773048401,40,2027,success,"{""base_optimizer_parameters"":{""linesearch"":true,""sampling_dist"":""gaussian"",""sampling_scheme"":""full-rank"",""samps_per_iter"":256,""step_size"":0.03,""target_rank"":3},""data_seed"":2025,""initialization_seed"":2026,""iterations"":10000,""matrix_shape"":[30,30],""max_queries"":10000,""objective_noise"":0.0,""optimizer_seed"":2027,""recovery_parameters"":{""iters"":10}}",0.49154779128730297,
objective_vs_queries,iterative_hard_thresholding,singular_value_sum,10,2560,256,62.550899505615234,0.5006275773048401,40,2027,success,"{""base_optimizer_parameters"":{""linesearch"":true,""sampling_dist"":""gaussian"",""sampling_scheme"":""full-rank"",""samps_per_iter"":256,""step_size"":0.03,""target_rank"":3},""data_seed"":2025,""initialization_seed"":2026,""iterations"":10000,""matrix_shape"":[30,30],""max_queries"":10000,""objective_noise"":0.0,""optimizer_seed"":2027,""recovery_parameters"":{""iters"":10}}",0.49154779128730297,
objective_vs_queries,iterative_hard_thresholding,singular_value_sum,11,2816,256,51.79002380371094,0.5006275773048401,40,2027,success,"{""base_optimizer_parameters"":{""linesearch"":true,""sampling_dist"":""gaussian"",""sampling_scheme"":""full-rank"",""samps_per_iter"":256,""step_size"":0.03,""target_rank"":3},""data_seed"":2025,""initialization_seed"":2026,""iterations"":10000,""matrix_shape"":[30,30],""max_queries"":10000,""objective_noise"":0.0,""optimizer_seed"":2027,""recovery_parameters"":{""iters"":10}}",0.49154779128730297,
objective_vs_queries,iterative_hard_thresholding,singular_value_sum,12,3072,256,42.60429763793945,0.5006275773048401,40,2027,success,"{""base_optimizer_parameters"":{""linesearch"":true,""sampling_dist"":""gaussian"",""sampling_scheme"":""full-rank"",""samps_per_iter"":256,""step_size"":0.03,""target_rank"":3},""data_seed"":2025,""initialization_seed"":2026,""iterations"":10000,""matrix_shape"":[30,30],""max_queries"":10000,""objective_noise"":0.0,""optimizer_seed"":2027,""recovery_parameters"":{""iters"":10}}",0.49154779128730297,
objective_vs_queries,iterative_hard_thresholding,singular_value_sum,13,3328,256,35.9145622253418,0.5006275773048401,40,2027,success,"{""base_optimizer_parameters"":{""linesearch"":true,""sampling_dist"":""gaussian"",""sampling_scheme"":""full-rank"",""samps_per_iter"":256,""step_size"":0.03,""target_rank"":3},""data_seed"":2025,""initialization_seed"":2026,""iterations"":10000,""matrix_shape"":[30,30],""max_queries"":10000,""objective_noise"":0.0,""optimizer_seed"":2027,""recovery_parameters"":{""iters"":10}}",0.49154779128730297,
objective_vs_queries,iterative_hard_thresholding,singular_value_sum,14,3584,256,30.238094329833984,0.5006275773048401,40,2027,success,"{""base_optimizer_parameters"":{""linesearch"":true,""sampling_dist"":""gaussian"",""sampling_scheme"":""full-rank"",""samps_per_iter"":256,""step_size"":0.03,""target_rank"":3},""data_seed"":2025,""initialization_seed"":2026,""iterations"":10000,""matrix_shape"":[30,30],""max_queries"":10000,""objective_noise"":0.0,""optimizer_seed"":2027,""recovery_parameters"":{""iters"":10}}",0.49154779128730297,
objective_vs_queries,iterative_hard_thresholding,singular_value_sum,15,3840,256,27.53853988647461,0.5006275773048401,40,2027,success,"{""base_optimizer_parameters"":{""linesearch"":true,""sampling_dist"":""gaussian"",""sampling_scheme"":""full-rank"",""samps_per_iter"":256,""step_size"":0.03,""target_rank"":3},""data_seed"":2025,""initialization_seed"":2026,""iterations"":10000,""matrix_shape"":[30,30],""max_queries"":10000,""objective_noise"":0.0,""optimizer_seed"":2027,""recovery_parameters"":{""iters"":10}}",0.49154779128730297,
objective_vs_queries,iterative_hard_thresholding,singular_value_sum,16,4096,256,22.761533737182617,0.5006275773048401,40,2027,success,"{""base_optimizer_parameters"":{""linesearch"":true,""sampling_dist"":""gaussian"",""sampling_scheme"":""full-rank"",""samps_per_iter"":256,""step_size"":0.03,""target_rank"":3},""data_seed"":2025,""initialization_seed"":2026,""iterations"":10000,""matrix_shape"":[30,30],""max_queries"":10000,""objective_noise"":0.0,""optimizer_seed"":2027,""recovery_parameters"":{""iters"":10}}",0.49154779128730297,
objective_vs_queries,iterative_hard_thresholding,singular_value_sum,17,4352,256,19.808765411376953,0.5006275773048401,40,2027,success,"{""base_optimizer_parameters"":{""linesearch"":true,""sampling_dist"":""gaussian"",""sampling_scheme"":""full-rank"",""samps_per_iter"":256,""step_size"":0.03,""target_rank"":3},""data_seed"":2025,""initialization_seed"":2026,""iterations"":10000,""matrix_shape"":[30,30],""max_queries"":10000,""objective_noise"":0.0,""optimizer_seed"":2027,""recovery_parameters"":{""iters"":10}}",0.49154779128730297,
objective_vs_queries,iterative_hard_thresholding,singular_value_sum,18,4608,256,17.92494773864746,0.5006275773048401,40,2027,success,"{""base_optimizer_parameters"":{""linesearch"":true,""sampling_dist"":""gaussian"",""sampling_scheme"":""full-rank"",""samps_per_iter"":256,""step_size"":0.03,""target_rank"":3},""data_seed"":2025,""initialization_seed"":2026,""iterations"":10000,""matrix_shape"":[30,30],""max_queries"":10000,""objective_noise"":0.0,""optimizer_seed"":2027,""recovery_parameters"":{""iters"":10}}",0.49154779128730297,
objective_vs_queries,iterative_hard_thresholding,singular_value_sum,19,4864,256,14.948729515075684,0.5006275773048401,40,2027,success,"{""base_optimizer_parameters"":{""linesearch"":true,""sampling_dist"":""gaussian"",""sampling_scheme"":""full-rank"",""samps_per_iter"":256,""step_size"":0.03,""target_rank"":3},""data_seed"":2025,""initialization_seed"":2026,""iterations"":10000,""matrix_shape"":[30,30],""max_queries"":10000,""objective_noise"":0.0,""optimizer_seed"":2027,""recovery_parameters"":{""iters"":10}}",0.49154779128730297,
objective_vs_queries,iterative_hard_thresholding,singular_value_sum,20,5120,256,12.66459846496582,0.5006275773048401,40,2027,success,"{""base_optimizer_parameters"":{""linesearch"":true,""sampling_dist"":""gaussian"",""sampling_scheme"":""full-rank"",""samps_per_iter"":256,""step_size"":0.03,""target_rank"":3},""data_seed"":2025,""initialization_seed"":2026,""iterations"":10000,""matrix_shape"":[30,30],""max_queries"":10000,""objective_noise"":0.0,""optimizer_seed"":2027,""recovery_parameters"":{""iters"":10}}",0.49154779128730297,
objective_vs_queries,iterative_hard_thresholding,singular_value_sum,21,5376,256,10.871516227722168,0.5006275773048401,40,2027,success,"{""base_optimizer_parameters"":{""linesearch"":true,""sampling_dist"":""gaussian"",""sampling_scheme"":""full-rank"",""samps_per_iter"":256,""step_size"":0.03,""target_rank"":3},""data_seed"":2025,""initialization_seed"":2026,""iterations"":10000,""matrix_shape"":[30,30],""max_queries"":10000,""objective_noise"":0.0,""optimizer_seed"":2027,""recovery_parameters"":{""iters"":10}}",0.49154779128730297,
objective_vs_queries,iterative_hard_thresholding,singular_value_sum,22,5632,256,9.454022407531738,0.5006275773048401,40,2027,success,"{""base_optimizer_parameters"":{""linesearch"":true,""sampling_dist"":""gaussian"",""sampling_scheme"":""full-rank"",""samps_per_iter"":256,""step_size"":0.03,""target_rank"":3},""data_seed"":2025,""initialization_seed"":2026,""iterations"":10000,""matrix_shape"":[30,30],""max_queries"":10000,""objective_noise"":0.0,""optimizer_seed"":2027,""recovery_parameters"":{""iters"":10}}",0.49154779128730297,
objective_vs_queries,iterative_hard_thresholding,singular_value_sum,23,5888,256,8.568830490112305,0.5006275773048401,40,2027,success,"{""base_optimizer_parameters"":{""linesearch"":true,""sampling_dist"":""gaussian"",""sampling_scheme"":""full-rank"",""samps_per_iter"":256,""step_size"":0.03,""target_rank"":3},""data_seed"":2025,""initialization_seed"":2026,""iterations"":10000,""matrix_shape"":[30,30],""max_queries"":10000,""objective_noise"":0.0,""optimizer_seed"":2027,""recovery_parameters"":{""iters"":10}}",0.49154779128730297,
objective_vs_queries,iterative_hard_thresholding,singular_value_sum,24,6144,256,6.613929748535156,0.5006275773048401,40,2027,success,"{""base_optimizer_parameters"":{""linesearch"":true,""sampling_dist"":""gaussian"",""sampling_scheme"":""full-rank"",""samps_per_iter"":256,""step_size"":0.03,""target_rank"":3},""data_seed"":2025,""initialization_seed"":2026,""iterations"":10000,""matrix_shape"":[30,30],""max_queries"":10000,""objective_noise"":0.0,""optimizer_seed"":2027,""recovery_parameters"":{""iters"":10}}",0.49154779128730297,
objective_vs_queries,iterative_hard_thresholding,singular_value_sum,25,6400,256,5.4158549308776855,0.5006275773048401,40,2027,success,"{""base_optimizer_parameters"":{""linesearch"":true,""sampling_dist"":""gaussian"",""sampling_scheme"":""full-rank"",""samps_per_iter"":256,""step_size"":0.03,""target_rank"":3},""data_seed"":2025,""initialization_seed"":2026,""iterations"":10000,""matrix_shape"":[30,30],""max_queries"":10000,""objective_noise"":0.0,""optimizer_seed"":2027,""recovery_parameters"":{""iters"":10}}",0.49154779128730297,
objective_vs_queries,iterative_hard_thresholding,singular_value_sum,26,6656,256,4.7043538093566895,0.5006275773048401,40,2027,success,"{""base_optimizer_parameters"":{""linesearch"":true,""sampling_dist"":""gaussian"",""sampling_scheme"":""full-rank"",""samps_per_iter"":256,""step_size"":0.03,""target_rank"":3},""data_seed"":2025,""initialization_seed"":2026,""iterations"":10000,""matrix_shape"":[30,30],""max_queries"":10000,""objective_noise"":0.0,""optimizer_seed"":2027,""recovery_parameters"":{""iters"":10}}",0.49154779128730297,
objective_vs_queries,iterative_hard_thresholding,singular_value_sum,27,6912,256,3.8324263095855713,0.5006275773048401,40,2027,success,"{""base_optimizer_parameters"":{""linesearch"":true,""sampling_dist"":""gaussian"",""sampling_scheme"":""full-rank"",""samps_per_iter"":256,""step_size"":0.03,""target_rank"":3},""data_seed"":2025,""initialization_seed"":2026,""iterations"":10000,""matrix_shape"":[30,30],""max_queries"":10000,""objective_noise"":0.0,""optimizer_seed"":2027,""recovery_parameters"":{""iters"":10}}",0.49154779128730297,
objective_vs_queries,iterative_hard_thresholding,singular_value_sum,28,7168,256,3.512340784072876,0.5006275773048401,40,2027,success,"{""base_optimizer_parameters"":{""linesearch"":true,""sampling_dist"":""gaussian"",""sampling_scheme"":""full-rank"",""samps_per_iter"":256,""step_size"":0.03,""target_rank"":3},""data_seed"":2025,""initialization_seed"":2026,""iterations"":10000,""matrix_shape"":[30,30],""max_queries"":10000,""objective_noise"":0.0,""optimizer_seed"":2027,""recovery_parameters"":{""iters"":10}}",0.49154779128730297,
objective_vs_queries,iterative_hard_thresholding,singular_value_sum,29,7424,256,2.7339377403259277,0.5006275773048401,40,2027,success,"{""base_optimizer_parameters"":{""linesearch"":true,""sampling_dist"":""gaussian"",""sampling_scheme"":""full-rank"",""samps_per_iter"":256,""step_size"":0.03,""target_rank"":3},""data_seed"":2025,""initialization_seed"":2026,""iterations"":10000,""matrix_shape"":[30,30],""max_queries"":10000,""objective_noise"":0.0,""optimizer_seed"":2027,""recovery_parameters"":{""iters"":10}}",0.49154779128730297,
objective_vs_queries,iterative_hard_thresholding,singular_value_sum,30,7680,256,2.4465694427490234,0.5006275773048401,40,2027,success,"{""base_optimizer_parameters"":{""linesearch"":true,""sampling_dist"":""gaussian"",""sampling_scheme"":""full-rank"",""samps_per_iter"":256,""step_size"":0.03,""target_rank"":3},""data_seed"":2025,""initialization_seed"":2026,""iterations"":10000,""matrix_shape"":[30,30],""max_queries"":10000,""objective_noise"":0.0,""optimizer_seed"":2027,""recovery_parameters"":{""iters"":10}}",0.49154779128730297,
objective_vs_queries,iterative_hard_thresholding,singular_value_sum,31,7936,256,2.153916835784912,0.5006275773048401,40,2027,success,"{""base_optimizer_parameters"":{""linesearch"":true,""sampling_dist"":""gaussian"",""sampling_scheme"":""full-rank"",""samps_per_iter"":256,""step_size"":0.03,""target_rank"":3},""data_seed"":2025,""initialization_seed"":2026,""iterations"":10000,""matrix_shape"":[30,30],""max_queries"":10000,""objective_noise"":0.0,""optimizer_seed"":2027,""recovery_parameters"":{""iters"":10}}",0.49154779128730297,
objective_vs_queries,iterative_hard_thresholding,singular_value_sum,32,8192,256,1.8003228902816772,0.5006275773048401,40,2027,success,"{""base_optimizer_parameters"":{""linesearch"":true,""sampling_dist"":""gaussian"",""sampling_scheme"":""full-rank"",""samps_per_iter"":256,""step_size"":0.03,""target_rank"":3},""data_seed"":2025,""initialization_seed"":2026,""iterations"":10000,""matrix_shape"":[30,30],""max_queries"":10000,""objective_noise"":0.0,""optimizer_seed"":2027,""recovery_parameters"":{""iters"":10}}",0.49154779128730297,
objective_vs_queries,iterative_hard_thresholding,singular_value_sum,33,8448,256,1.5315372943878174,0.5006275773048401,40,2027,success,"{""base_optimizer_parameters"":{""linesearch"":true,""sampling_dist"":""gaussian"",""sampling_scheme"":""full-rank"",""samps_per_iter"":256,""step_size"":0.03,""target_rank"":3},""data_seed"":2025,""initialization_seed"":2026,""iterations"":10000,""matrix_shape"":[30,30],""max_queries"":10000,""objective_noise"":0.0,""optimizer_seed"":2027,""recovery_parameters"":{""iters"":10}}",0.49154779128730297,
objective_vs_queries,iterative_hard_thresholding,singular_value_sum,34,8704,256,1.4655767679214478,0.5006275773048401,40,2027,success,"{""base_optimizer_parameters"":{""linesearch"":true,""sampling_dist"":""gaussian"",""sampling_scheme"":""full-rank"",""samps_per_iter"":256,""step_size"":0.03,""target_rank"":3},""data_seed"":2025,""initialization_seed"":2026,""iterations"":10000,""matrix_shape"":[30,30],""max_queries"":10000,""objective_noise"":0.0,""optimizer_seed"":2027,""recovery_parameters"":{""iters"":10}}",0.49154779128730297,
objective_vs_queries,iterative_hard_thresholding,singular_value_sum,35,8960,256,1.1525323390960693,0.5006275773048401,40,2027,success,"{""base_optimizer_parameters"":{""linesearch"":true,""sampling_dist"":""gaussian"",""sampling_scheme"":""full-rank"",""samps_per_iter"":256,""step_size"":0.03,""target_rank"":3},""data_seed"":2025,""initialization_seed"":2026,""iterations"":10000,""matrix_shape"":[30,30],""max_queries"":10000,""objective_noise"":0.0,""optimizer_seed"":2027,""recovery_parameters"":{""iters"":10}}",0.49154779128730297,
objective_vs_queries,iterative_hard_thresholding,singular_value_sum,36,9216,256,1.0409247875213623,0.5006275773048401,40,2027,success,"{""base_optimizer_parameters"":{""linesearch"":true,""sampling_dist"":""gaussian"",""sampling_scheme"":""full-rank"",""samps_per_iter"":256,""step_size"":0.03,""target_rank"":3},""data_seed"":2025,""initialization_seed"":2026,""iterations"":10000,""matrix_shape"":[30,30],""max_queries"":10000,""objective_noise"":0.0,""optimizer_seed"":2027,""recovery_parameters"":{""iters"":10}}",0.49154779128730297,
objective_vs_queries,iterative_hard_thresholding,singular_value_sum,37,9472,256,0.9080223441123962,0.5006275773048401,40,2027,success,"{""base_optimizer_parameters"":{""linesearch"":true,""sampling_dist"":""gaussian"",""sampling_scheme"":""full-rank"",""samps_per_iter"":256,""step_size"":0.03,""target_rank"":3},""data_seed"":2025,""initialization_seed"":2026,""iterations"":10000,""matrix_shape"":[30,30],""max_queries"":10000,""objective_noise"":0.0,""optimizer_seed"":2027,""recovery_parameters"":{""iters"":10}}",0.49154779128730297,
objective_vs_queries,iterative_hard_thresholding,singular_value_sum,38,9728,256,0.747124433517456,0.5006275773048401,40,2027,success,"{""base_optimizer_parameters"":{""linesearch"":true,""sampling_dist"":""gaussian"",""sampling_scheme"":""full-rank"",""samps_per_iter"":256,""step_size"":0.03,""target_rank"":3},""data_seed"":2025,""initialization_seed"":2026,""iterations"":10000,""matrix_shape"":[30,30],""max_queries"":10000,""objective_noise"":0.0,""optimizer_seed"":2027,""recovery_parameters"":{""iters"":10}}",0.49154779128730297,
objective_vs_queries,iterative_hard_thresholding,singular_value_sum,39,9984,256,0.5630938410758972,0.5006275773048401,40,2027,success,"{""base_optimizer_parameters"":{""linesearch"":true,""sampling_dist"":""gaussian"",""sampling_scheme"":""full-rank"",""samps_per_iter"":256,""step_size"":0.03,""target_rank"":3},""data_seed"":2025,""initialization_seed"":2026,""iterations"":10000,""matrix_shape"":[30,30],""max_queries"":10000,""objective_noise"":0.0,""optimizer_seed"":2027,""recovery_parameters"":{""iters"":10}}",0.49154779128730297,
objective_vs_queries,iterative_hard_thresholding,singular_value_sum,40,10240,256,0.5006275773048401,0.5006275773048401,40,2027,success,"{""base_optimizer_parameters"":{""linesearch"":true,""sampling_dist"":""gaussian"",""sampling_scheme"":""full-rank"",""samps_per_iter"":256,""step_size"":0.03,""target_rank"":3},""data_seed"":2025,""initialization_seed"":2026,""iterations"":10000,""matrix_shape"":[30,30],""max_queries"":10000,""objective_noise"":0.0,""optimizer_seed"":2027,""recovery_parameters"":{""iters"":10}}",0.49154779128730297,
objective_vs_queries,burer_monteiro_gradient_descent,ky_fan_regression,0,0,256,38.678131103515625,13.636001586914062,40,2027,success,"{""base_optimizer_parameters"":{""linesearch"":true,""sampling_dist"":""gaussian"",""sampling_scheme"":""full-rank"",""samps_per_iter"":256,""step_size"":0.03,""target_rank"":3},""data_seed"":2025,""initialization_seed"":2026,""iterations"":10000,""matrix_shape"":[30,30],""max_queries"":10000,""objective_noise"":0.0,""optimizer_seed"":2027,""recovery_parameters"":{""iters"":20}}",6.661291084252298,
objective_vs_queries,burer_monteiro_gradient_descent,ky_fan_regression,1,256,256,36.219451904296875,13.636001586914062,40,2027,success,"{""base_optimizer_parameters"":{""linesearch"":true,""sampling_dist"":""gaussian"",""sampling_scheme"":""full-rank"",""samps_per_iter"":256,""step_size"":0.03,""target_rank"":3},""data_seed"":2025,""initialization_seed"":2026,""iterations"":10000,""matrix_shape"":[30,30],""max_queries"":10000,""objective_noise"":0.0,""optimizer_seed"":2027,""recovery_parameters"":{""iters"":20}}",6.661291084252298,
objective_vs_queries,burer_monteiro_gradient_descent,ky_fan_regression,2,512,256,34.985443115234375,13.636001586914062,40,2027,success,"{""base_optimizer_parameters"":{""linesearch"":true,""sampling_dist"":""gaussian"",""sampling_scheme"":""full-rank"",""samps_per_iter"":256,""step_size"":0.03,""target_rank"":3},""data_seed"":2025,""initialization_seed"":2026,""iterations"":10000,""matrix_shape"":[30,30],""max_queries"":10000,""objective_noise"":0.0,""optimizer_seed"":2027,""recovery_parameters"":{""iters"":20}}",6.661291084252298,
objective_vs_queries,burer_monteiro_gradient_descent,ky_fan_regression,3,768,256,33.385318756103516,13.636001586914062,40,2027,success,"{""base_optimizer_parameters"":{""linesearch"":true,""sampling_dist"":""gaussian"",""sampling_scheme"":""full-rank"",""samps_per_iter"":256,""step_size"":0.03,""target_rank"":3},""data_seed"":2025,""initialization_seed"":2026,""iterations"":10000,""matrix_shape"":[30,30],""max_queries"":10000,""objective_noise"":0.0,""optimizer_seed"":2027,""recovery_parameters"":{""iters"":20}}",6.661291084252298,
objective_vs_queries,burer_monteiro_gradient_descent,ky_fan_regression,4,1024,256,32.220970153808594,13.636001586914062,40,2027,success,"{""base_optimizer_parameters"":{""linesearch"":true,""sampling_dist"":""gaussian"",""sampling_scheme"":""full-rank"",""samps_per_iter"":256,""step_size"":0.03,""target_rank"":3},""data_seed"":2025,""initialization_seed"":2026,""iterations"":10000,""matrix_shape"":[30,30],""max_queries"":10000,""objective_noise"":0.0,""optimizer_seed"":2027,""recovery_parameters"":{""iters"":20}}",6.661291084252298,
objective_vs_queries,burer_monteiro_gradient_descent,ky_fan_regression,5,1280,256,31.432842254638672,13.636001586914062,40,2027,success,"{""base_optimizer_parameters"":{""linesearch"":true,""sampling_dist"":""gaussian"",""sampling_scheme"":""full-rank"",""samps_per_iter"":256,""step_size"":0.03,""target_rank"":3},""data_seed"":2025,""initialization_seed"":2026,""iterations"":10000,""matrix_shape"":[30,30],""max_queries"":10000,""objective_noise"":0.0,""optimizer_seed"":2027,""recovery_parameters"":{""iters"":20}}",6.661291084252298,
objective_vs_queries,burer_monteiro_gradient_descent,ky_fan_regression,6,1536,256,30.324514389038086,13.636001586914062,40,2027,success,"{""base_optimizer_parameters"":{""linesearch"":true,""sampling_dist"":""gaussian"",""sampling_scheme"":""full-rank"",""samps_per_iter"":256,""step_size"":0.03,""target_rank"":3},""data_seed"":2025,""initialization_seed"":2026,""iterations"":10000,""matrix_shape"":[30,30],""max_queries"":10000,""objective_noise"":0.0,""optimizer_seed"":2027,""recovery_parameters"":{""iters"":20}}",6.661291084252298,
objective_vs_queries,burer_monteiro_gradient_descent,ky_fan_regression,7,1792,256,29.534574508666992,13.636001586914062,40,2027,success,"{""base_optimizer_parameters"":{""linesearch"":true,""sampling_dist"":""gaussian"",""sampling_scheme"":""full-rank"",""samps_per_iter"":256,""step_size"":0.03,""target_rank"":3},""data_seed"":2025,""initialization_seed"":2026,""iterations"":10000,""matrix_shape"":[30,30],""max_queries"":10000,""objective_noise"":0.0,""optimizer_seed"":2027,""recovery_parameters"":{""iters"":20}}",6.661291084252298,
objective_vs_queries,burer_monteiro_gradient_descent,ky_fan_regression,8,2048,256,28.76692008972168,13.636001586914062,40,2027,success,"{""base_optimizer_parameters"":{""linesearch"":true,""sampling_dist"":""gaussian"",""sampling_scheme"":""full-rank"",""samps_per_iter"":256,""step_size"":0.03,""target_rank"":3},""data_seed"":2025,""initialization_seed"":2026,""iterations"":10000,""matrix_shape"":[30,30],""max_queries"":10000,""objective_noise"":0.0,""optimizer_seed"":2027,""recovery_parameters"":{""iters"":20}}",6.661291084252298,
objective_vs_queries,burer_monteiro_gradient_descent,ky_fan_regression,9,2304,256,28.152307510375977,13.636001586914062,40,2027,success,"{""base_optimizer_parameters"":{""linesearch"":true,""sampling_dist"":""gaussian"",""sampling_scheme"":""full-rank"",""samps_per_iter"":256,""step_size"":0.03,""target_rank"":3},""data_seed"":2025,""initialization_seed"":2026,""iterations"":10000,""matrix_shape"":[30,30],""max_queries"":10000,""objective_noise"":0.0,""optimizer_seed"":2027,""recovery_parameters"":{""iters"":20}}",6.661291084252298,
objective_vs_queries,burer_monteiro_gradient_descent,ky_fan_regression,10,2560,256,27.383756637573242,13.636001586914062,40,2027,success,"{""base_optimizer_parameters"":{""linesearch"":true,""sampling_dist"":""gaussian"",""sampling_scheme"":""full-rank"",""samps_per_iter"":256,""step_size"":0.03,""target_rank"":3},""data_seed"":2025,""initialization_seed"":2026,""iterations"":10000,""matrix_shape"":[30,30],""max_queries"":10000,""objective_noise"":0.0,""optimizer_seed"":2027,""recovery_parameters"":{""iters"":20}}",6.661291084252298,
objective_vs_queries,burer_monteiro_gradient_descent,ky_fan_regression,11,2816,256,26.702678680419922,13.636001586914062,40,2027,success,"{""base_optimizer_parameters"":{""linesearch"":true,""sampling_dist"":""gaussian"",""sampling_scheme"":""full-rank"",""samps_per_iter"":256,""step_size"":0.03,""target_rank"":3},""data_seed"":2025,""initialization_seed"":2026,""iterations"":10000,""matrix_shape"":[30,30],""max_queries"":10000,""objective_noise"":0.0,""optimizer_seed"":2027,""recovery_parameters"":{""iters"":20}}",6.661291084252298,
objective_vs_queries,burer_monteiro_gradient_descent,ky_fan_regression,12,3072,256,26.104862213134766,13.636001586914062,40,2027,success,"{""base_optimizer_parameters"":{""linesearch"":true,""sampling_dist"":""gaussian"",""sampling_scheme"":""full-rank"",""samps_per_iter"":256,""step_size"":0.03,""target_rank"":3},""data_seed"":2025,""initialization_seed"":2026,""iterations"":10000,""matrix_shape"":[30,30],""max_queries"":10000,""objective_noise"":0.0,""optimizer_seed"":2027,""recovery_parameters"":{""iters"":20}}",6.661291084252298,
objective_vs_queries,burer_monteiro_gradient_descent,ky_fan_regression,13,3328,256,25.54701805114746,13.636001586914062,40,2027,success,"{""base_optimizer_parameters"":{""linesearch"":true,""sampling_dist"":""gaussian"",""sampling_scheme"":""full-rank"",""samps_per_iter"":256,""step_size"":0.03,""target_rank"":3},""data_seed"":2025,""initialization_seed"":2026,""iterations"":10000,""matrix_shape"":[30,30],""max_queries"":10000,""objective_noise"":0.0,""optimizer_seed"":2027,""recovery_parameters"":{""iters"":20}}",6.661291084252298,
objective_vs_queries,burer_monteiro_gradient_descent,ky_fan_regression,14,3584,256,25.106460571289062,13.636001586914062,40,2027,success,"{""base_optimizer_parameters"":{""linesearch"":true,""sampling_dist"":""gaussian"",""sampling_scheme"":""full-rank"",""samps_per_iter"":256,""step_size"":0.03,""target_rank"":3},""data_seed"":2025,""initialization_seed"":2026,""iterations"":10000,""matrix_shape"":[30,30],""max_queries"":10000,""objective_noise"":0.0,""optimizer_seed"":2027,""recovery_parameters"":{""iters"":20}}",6.661291084252298,
objective_vs_queries,burer_monteiro_gradient_descent,ky_fan_regression,15,3840,256,24.469688415527344,13.636001586914062,40,2027,success,"{""base_optimizer_parameters"":{""linesearch"":true,""sampling_dist"":""gaussian"",""sampling_scheme"":""full-rank"",""samps_per_iter"":256,""step_size"":0.03,""target_rank"":3},""data_seed"":2025,""initialization_seed"":2026,""iterations"":10000,""matrix_shape"":[30,30],""max_queries"":10000,""objective_noise"":0.0,""optimizer_seed"":2027,""recovery_parameters"":{""iters"":20}}",6.661291084252298,
objective_vs_queries,burer_monteiro_gradient_descent,ky_fan_regression,16,4096,256,23.947879791259766,13.636001586914062,40,2027,success,"{""base_optimizer_parameters"":{""linesearch"":true,""sampling_dist"":""gaussian"",""sampling_scheme"":""full-rank"",""samps_per_iter"":256,""step_size"":0.03,""target_rank"":3},""data_seed"":2025,""initialization_seed"":2026,""iterations"":10000,""matrix_shape"":[30,30],""max_queries"":10000,""objective_noise"":0.0,""optimizer_seed"":2027,""recovery_parameters"":{""iters"":20}}",6.661291084252298,
objective_vs_queries,burer_monteiro_gradient_descent,ky_fan_regression,17,4352,256,23.399309158325195,13.636001586914062,40,2027,success,"{""base_optimizer_parameters"":{""linesearch"":true,""sampling_dist"":""gaussian"",""sampling_scheme"":""full-rank"",""samps_per_iter"":256,""step_size"":0.03,""target_rank"":3},""data_seed"":2025,""initialization_seed"":2026,""iterations"":10000,""matrix_shape"":[30,30],""max_queries"":10000,""objective_noise"":0.0,""optimizer_seed"":2027,""recovery_parameters"":{""iters"":20}}",6.661291084252298,
objective_vs_queries,burer_monteiro_gradient_descent,ky_fan_regression,18,4608,256,22.873361587524414,13.636001586914062,40,2027,success,"{""base_optimizer_parameters"":{""linesearch"":true,""sampling_dist"":""gaussian"",""sampling_scheme"":""full-rank"",""samps_per_iter"":256,""step_size"":0.03,""target_rank"":3},""data_seed"":2025,""initialization_seed"":2026,""iterations"":10000,""matrix_shape"":[30,30],""max_queries"":10000,""objective_noise"":0.0,""optimizer_seed"":2027,""recovery_parameters"":{""iters"":20}}",6.661291084252298,
objective_vs_queries,burer_monteiro_gradient_descent,ky_fan_regression,19,4864,256,22.32009506225586,13.636001586914062,40,2027,success,"{""base_optimizer_parameters"":{""linesearch"":true,""sampling_dist"":""gaussian"",""sampling_scheme"":""full-rank"",""samps_per_iter"":256,""step_size"":0.03,""target_rank"":3},""data_seed"":2025,""initialization_seed"":2026,""iterations"":10000,""matrix_shape"":[30,30],""max_queries"":10000,""objective_noise"":0.0,""optimizer_seed"":2027,""recovery_parameters"":{""iters"":20}}",6.661291084252298,
objective_vs_queries,burer_monteiro_gradient_descent,ky_fan_regression,20,5120,256,21.908645629882812,13.636001586914062,40,2027,success,"{""base_optimizer_parameters"":{""linesearch"":true,""sampling_dist"":""gaussian"",""sampling_scheme"":""full-rank"",""samps_per_iter"":256,""step_size"":0.03,""target_rank"":3},""data_seed"":2025,""initialization_seed"":2026,""iterations"":10000,""matrix_shape"":[30,30],""max_queries"":10000,""objective_noise"":0.0,""optimizer_seed"":2027,""recovery_parameters"":{""iters"":20}}",6.661291084252298,
objective_vs_queries,burer_monteiro_gradient_descent,ky_fan_regression,21,5376,256,21.28215789794922,13.636001586914062,40,2027,success,"{""base_optimizer_parameters"":{""linesearch"":true,""sampling_dist"":""gaussian"",""sampling_scheme"":""full-rank"",""samps_per_iter"":256,""step_size"":0.03,""target_rank"":3},""data_seed"":2025,""initialization_seed"":2026,""iterations"":10000,""matrix_shape"":[30,30],""max_queries"":10000,""objective_noise"":0.0,""optimizer_seed"":2027,""recovery_parameters"":{""iters"":20}}",6.661291084252298,
objective_vs_queries,burer_monteiro_gradient_descent,ky_fan_regression,22,5632,256,20.73107147216797,13.636001586914062,40,2027,success,"{""base_optimizer_parameters"":{""linesearch"":true,""sampling_dist"":""gaussian"",""sampling_scheme"":""full-rank"",""samps_per_iter"":256,""step_size"":0.03,""target_rank"":3},""data_seed"":2025,""initialization_seed"":2026,""iterations"":10000,""matrix_shape"":[30,30],""max_queries"":10000,""objective_noise"":0.0,""optimizer_seed"":2027,""recovery_parameters"":{""iters"":20}}",6.661291084252298,
objective_vs_queries,burer_monteiro_gradient_descent,ky_fan_regression,23,5888,256,20.235334396362305,13.636001586914062,40,2027,success,"{""base_optimizer_parameters"":{""linesearch"":true,""sampling_dist"":""gaussian"",""sampling_scheme"":""full-rank"",""samps_per_iter"":256,""step_size"":0.03,""target_rank"":3},""data_seed"":2025,""initialization_seed"":2026,""iterations"":10000,""matrix_shape"":[30,30],""max_queries"":10000,""objective_noise"":0.0,""optimizer_seed"":2027,""recovery_parameters"":{""iters"":20}}",6.661291084252298,
objective_vs_queries,burer_monteiro_gradient_descent,ky_fan_regression,24,6144,256,19.667158126831055,13.636001586914062,40,2027,success,"{""base_optimizer_parameters"":{""linesearch"":true,""sampling_dist"":""gaussian"",""sampling_scheme"":""full-rank"",""samps_per_iter"":256,""step_size"":0.03,""target_rank"":3},""data_seed"":2025,""initialization_seed"":2026,""iterations"":10000,""matrix_shape"":[30,30],""max_queries"":10000,""objective_noise"":0.0,""optimizer_seed"":2027,""recovery_parameters"":{""iters"":20}}",6.661291084252298,
objective_vs_queries,burer_monteiro_gradient_descent,ky_fan_regression,25,6400,256,19.585182189941406,13.636001586914062,40,2027,success,"{""base_optimizer_parameters"":{""linesearch"":true,""sampling_dist"":""gaussian"",""sampling_scheme"":""full-rank"",""samps_per_iter"":256,""step_size"":0.03,""target_rank"":3},""data_seed"":2025,""initialization_seed"":2026,""iterations"":10000,""matrix_shape"":[30,30],""max_queries"":10000,""objective_noise"":0.0,""optimizer_seed"":2027,""recovery_parameters"":{""iters"":20}}",6.661291084252298,
objective_vs_queries,burer_monteiro_gradient_descent,ky_fan_regression,26,6656,256,19.065763473510742,13.636001586914062,40,2027,success,"{""base_optimizer_parameters"":{""linesearch"":true,""sampling_dist"":""gaussian"",""sampling_scheme"":""full-rank"",""samps_per_iter"":256,""step_size"":0.03,""target_rank"":3},""data_seed"":2025,""initialization_seed"":2026,""iterations"":10000,""matrix_shape"":[30,30],""max_queries"":10000,""objective_noise"":0.0,""optimizer_seed"":2027,""recovery_parameters"":{""iters"":20}}",6.661291084252298,
objective_vs_queries,burer_monteiro_gradient_descent,ky_fan_regression,27,6912,256,18.43219757080078,13.636001586914062,40,2027,success,"{""base_optimizer_parameters"":{""linesearch"":true,""sampling_dist"":""gaussian"",""sampling_scheme"":""full-rank"",""samps_per_iter"":256,""step_size"":0.03,""target_rank"":3},""data_seed"":2025,""initialization_seed"":2026,""iterations"":10000,""matrix_shape"":[30,30],""max_queries"":10000,""objective_noise"":0.0,""optimizer_seed"":2027,""recovery_parameters"":{""iters"":20}}",6.661291084252298,
objective_vs_queries,burer_monteiro_gradient_descent,ky_fan_regression,28,7168,256,18.044071197509766,13.636001586914062,40,2027,success,"{""base_optimizer_parameters"":{""linesearch"":true,""sampling_dist"":""gaussian"",""sampling_scheme"":""full-rank"",""samps_per_iter"":256,""step_size"":0.03,""target_rank"":3},""data_seed"":2025,""initialization_seed"":2026,""iterations"":10000,""matrix_shape"":[30,30],""max_queries"":10000,""objective_noise"":0.0,""optimizer_seed"":2027,""recovery_parameters"":{""iters"":20}}",6.661291084252298,
objective_vs_queries,burer_monteiro_gradient_descent,ky_fan_regression,29,7424,256,17.475696563720703,13.636001586914062,40,2027,success,"{""base_optimizer_parameters"":{""linesearch"":true,""sampling_dist"":""gaussian"",""sampling_scheme"":""full-rank"",""samps_per_iter"":256,""step_size"":0.03,""target_rank"":3},""data_seed"":2025,""initialization_seed"":2026,""iterations"":10000,""matrix_shape"":[30,30],""max_queries"":10000,""objective_noise"":0.0,""optimizer_seed"":2027,""recovery_parameters"":{""iters"":20}}",6.661291084252298,
objective_vs_queries,burer_monteiro_gradient_descent,ky_fan_regression,30,7680,256,17.237648010253906,13.636001586914062,40,2027,success,"{""base_optimizer_parameters"":{""linesearch"":true,""sampling_dist"":""gaussian"",""sampling_scheme"":""full-rank"",""samps_per_iter"":256,""step_size"":0.03,""target_rank"":3},""data_seed"":2025,""initialization_seed"":2026,""iterations"":10000,""matrix_shape"":[30,30],""max_queries"":10000,""objective_noise"":0.0,""optimizer_seed"":2027,""recovery_parameters"":{""iters"":20}}",6.661291084252298,
objective_vs_queries,burer_monteiro_gradient_descent,ky_fan_regression,31,7936,256,16.81666374206543,13.636001586914062,40,2027,success,"{""base_optimizer_parameters"":{""linesearch"":true,""sampling_dist"":""gaussian"",""sampling_scheme"":""full-rank"",""samps_per_iter"":256,""step_size"":0.03,""target_rank"":3},""data_seed"":2025,""initialization_seed"":2026,""iterations"":10000,""matrix_shape"":[30,30],""max_queries"":10000,""objective_noise"":0.0,""optimizer_seed"":2027,""recovery_parameters"":{""iters"":20}}",6.661291084252298,
objective_vs_queries,burer_monteiro_gradient_descent,ky_fan_regression,32,8192,256,16.439546585083008,13.636001586914062,40,2027,success,"{""base_optimizer_parameters"":{""linesearch"":true,""sampling_dist"":""gaussian"",""sampling_scheme"":""full-rank"",""samps_per_iter"":256,""step_size"":0.03,""target_rank"":3},""data_seed"":2025,""initialization_seed"":2026,""iterations"":10000,""matrix_shape"":[30,30],""max_queries"":10000,""objective_noise"":0.0,""optimizer_seed"":2027,""recovery_parameters"":{""iters"":20}}",6.661291084252298,
objective_vs_queries,burer_monteiro_gradient_descent,ky_fan_regression,33,8448,256,16.038938522338867,13.636001586914062,40,2027,success,"{""base_optimizer_parameters"":{""linesearch"":true,""sampling_dist"":""gaussian"",""sampling_scheme"":""full-rank"",""samps_per_iter"":256,""step_size"":0.03,""target_rank"":3},""data_seed"":2025,""initialization_seed"":2026,""iterations"":10000,""matrix_shape"":[30,30],""max_queries"":10000,""objective_noise"":0.0,""optimizer_seed"":2027,""recovery_parameters"":{""iters"":20}}",6.661291084252298,
objective_vs_queries,burer_monteiro_gradient_descent,ky_fan_regression,34,8704,256,15.599587440490723,13.636001586914062,40,2027,success,"{""base_optimizer_parameters"":{""linesearch"":true,""sampling_dist"":""gaussian"",""sampling_scheme"":""full-rank"",""samps_per_iter"":256,""step_size"":0.03,""target_rank"":3},""data_seed"":2025,""initialization_seed"":2026,""iterations"":10000,""matrix_shape"":[30,30],""max_queries"":10000,""objective_noise"":0.0,""optimizer_seed"":2027,""recovery_parameters"":{""iters"":20}}",6.661291084252298,
objective_vs_queries,burer_monteiro_gradient_descent,ky_fan_regression,35,8960,256,15.185749053955078,13.636001586914062,40,2027,success,"{""base_optimizer_parameters"":{""linesearch"":true,""sampling_dist"":""gaussian"",""sampling_scheme"":""full-rank"",""samps_per_iter"":256,""step_size"":0.03,""target_rank"":3},""data_seed"":2025,""initialization_seed"":2026,""iterations"":10000,""matrix_shape"":[30,30],""max_queries"":10000,""objective_noise"":0.0,""optimizer_seed"":2027,""recovery_parameters"":{""iters"":20}}",6.661291084252298,
objective_vs_queries,burer_monteiro_gradient_descent,ky_fan_regression,36,9216,256,14.888814926147461,13.636001586914062,40,2027,success,"{""base_optimizer_parameters"":{""linesearch"":true,""sampling_dist"":""gaussian"",""sampling_scheme"":""full-rank"",""samps_per_iter"":256,""step_size"":0.03,""target_rank"":3},""data_seed"":2025,""initialization_seed"":2026,""iterations"":10000,""matrix_shape"":[30,30],""max_queries"":10000,""objective_noise"":0.0,""optimizer_seed"":2027,""recovery_parameters"":{""iters"":20}}",6.661291084252298,
objective_vs_queries,burer_monteiro_gradient_descent,ky_fan_regression,37,9472,256,14.627138137817383,13.636001586914062,40,2027,success,"{""base_optimizer_parameters"":{""linesearch"":true,""sampling_dist"":""gaussian"",""sampling_scheme"":""full-rank"",""samps_per_iter"":256,""step_size"":0.03,""target_rank"":3},""data_seed"":2025,""initialization_seed"":2026,""iterations"":10000,""matrix_shape"":[30,30],""max_queries"":10000,""objective_noise"":0.0,""optimizer_seed"":2027,""recovery_parameters"":{""iters"":20}}",6.661291084252298,
objective_vs_queries,burer_monteiro_gradient_descent,ky_fan_regression,38,9728,256,14.158849716186523,13.636001586914062,40,2027,success,"{""base_optimizer_parameters"":{""linesearch"":true,""sampling_dist"":""gaussian"",""sampling_scheme"":""full-rank"",""samps_per_iter"":256,""step_size"":0.03,""target_rank"":3},""data_seed"":2025,""initialization_seed"":2026,""iterations"":10000,""matrix_shape"":[30,30],""max_queries"":10000,""objective_noise"":0.0,""optimizer_seed"":2027,""recovery_parameters"":{""iters"":20}}",6.661291084252298,
objective_vs_queries,burer_monteiro_gradient_descent,ky_fan_regression,39,9984,256,13.813759803771973,13.636001586914062,40,2027,success,"{""base_optimizer_parameters"":{""linesearch"":true,""sampling_dist"":""gaussian"",""sampling_scheme"":""full-rank"",""samps_per_iter"":256,""step_size"":0.03,""target_rank"":3},""data_seed"":2025,""initialization_seed"":2026,""iterations"":10000,""matrix_shape"":[30,30],""max_queries"":10000,""objective_noise"":0.0,""optimizer_seed"":2027,""recovery_parameters"":{""iters"":20}}",6.661291084252298,
objective_vs_queries,burer_monteiro_gradient_descent,ky_fan_regression,40,10240,256,13.636001586914062,13.636001586914062,40,2027,success,"{""base_optimizer_parameters"":{""linesearch"":true,""sampling_dist"":""gaussian"",""sampling_scheme"":""full-rank"",""samps_per_iter"":256,""step_size"":0.03,""target_rank"":3},""data_seed"":2025,""initialization_seed"":2026,""iterations"":10000,""matrix_shape"":[30,30],""max_queries"":10000,""objective_noise"":0.0,""optimizer_seed"":2027,""recovery_parameters"":{""iters"":20}}",6.661291084252298,
objective_vs_queries,burer_monteiro_gradient_descent,singular_value_sum,0,0,256,428.63525390625,0.8479214906692505,40,2027,success,"{""base_optimizer_parameters"":{""linesearch"":true,""sampling_dist"":""gaussian"",""sampling_scheme"":""full-rank"",""samps_per_iter"":256,""step_size"":0.03,""target_rank"":3},""data_seed"":2025,""initialization_seed"":2026,""iterations"":10000,""matrix_shape"":[30,30],""max_queries"":10000,""objective_noise"":0.0,""optimizer_seed"":2027,""recovery_parameters"":{""iters"":15}}",4.9299925826489925,
objective_vs_queries,burer_monteiro_gradient_descent,singular_value_sum,1,256,256,399.72113037109375,0.8479214906692505,40,2027,success,"{""base_optimizer_parameters"":{""linesearch"":true,""sampling_dist"":""gaussian"",""sampling_scheme"":""full-rank"",""samps_per_iter"":256,""step_size"":0.03,""target_rank"":3},""data_seed"":2025,""initialization_seed"":2026,""iterations"":10000,""matrix_shape"":[30,30],""max_queries"":10000,""objective_noise"":0.0,""optimizer_seed"":2027,""recovery_parameters"":{""iters"":15}}",4.9299925826489925,
objective_vs_queries,burer_monteiro_gradient_descent,singular_value_sum,2,512,256,280.6192626953125,0.8479214906692505,40,2027,success,"{""base_optimizer_parameters"":{""linesearch"":true,""sampling_dist"":""gaussian"",""sampling_scheme"":""full-rank"",""samps_per_iter"":256,""step_size"":0.03,""target_rank"":3},""data_seed"":2025,""initialization_seed"":2026,""iterations"":10000,""matrix_shape"":[30,30],""max_queries"":10000,""objective_noise"":0.0,""optimizer_seed"":2027,""recovery_parameters"":{""iters"":15}}",4.9299925826489925,
objective_vs_queries,burer_monteiro_gradient_descent,singular_value_sum,3,768,256,221.25173950195312,0.8479214906692505,40,2027,success,"{""base_optimizer_parameters"":{""linesearch"":true,""sampling_dist"":""gaussian"",""sampling_scheme"":""full-rank"",""samps_per_iter"":256,""step_size"":0.03,""target_rank"":3},""data_seed"":2025,""initialization_seed"":2026,""iterations"":10000,""matrix_shape"":[30,30],""max_queries"":10000,""objective_noise"":0.0,""optimizer_seed"":2027,""recovery_parameters"":{""iters"":15}}",4.9299925826489925,
objective_vs_queries,burer_monteiro_gradient_descent,singular_value_sum,4,1024,256,182.63612365722656,0.8479214906692505,40,2027,success,"{""base_optimizer_parameters"":{""linesearch"":true,""sampling_dist"":""gaussian"",""sampling_scheme"":""full-rank"",""samps_per_iter"":256,""step_size"":0.03,""target_rank"":3},""data_seed"":2025,""initialization_seed"":2026,""iterations"":10000,""matrix_shape"":[30,30],""max_queries"":10000,""objective_noise"":0.0,""optimizer_seed"":2027,""recovery_parameters"":{""iters"":15}}",4.9299925826489925,
objective_vs_queries,burer_monteiro_gradient_descent,singular_value_sum,5,1280,256,141.0652313232422,0.8479214906692505,40,2027,success,"{""base_optimizer_parameters"":{""linesearch"":true,""sampling_dist"":""gaussian"",""sampling_scheme"":""full-rank"",""samps_per_iter"":256,""step_size"":0.03,""target_rank"":3},""data_seed"":2025,""initialization_seed"":2026,""iterations"":10000,""matrix_shape"":[30,30],""max_queries"":10000,""objective_noise"":0.0,""optimizer_seed"":2027,""recovery_parameters"":{""iters"":15}}",4.9299925826489925,
objective_vs_queries,burer_monteiro_gradient_descent,singular_value_sum,6,1536,256,118.1927490234375,0.8479214906692505,40,2027,success,"{""base_optimizer_parameters"":{""linesearch"":true,""sampling_dist"":""gaussian"",""sampling_scheme"":""full-rank"",""samps_per_iter"":256,""step_size"":0.03,""target_rank"":3},""data_seed"":2025,""initialization_seed"":2026,""iterations"":10000,""matrix_shape"":[30,30],""max_queries"":10000,""objective_noise"":0.0,""optimizer_seed"":2027,""recovery_parameters"":{""iters"":15}}",4.9299925826489925,
objective_vs_queries,burer_monteiro_gradient_descent,singular_value_sum,7,1792,256,96.65653991699219,0.8479214906692505,40,2027,success,"{""base_optimizer_parameters"":{""linesearch"":true,""sampling_dist"":""gaussian"",""sampling_scheme"":""full-rank"",""samps_per_iter"":256,""step_size"":0.03,""target_rank"":3},""data_seed"":2025,""initialization_seed"":2026,""iterations"":10000,""matrix_shape"":[30,30],""max_queries"":10000,""objective_noise"":0.0,""optimizer_seed"":2027,""recovery_parameters"":{""iters"":15}}",4.9299925826489925,
objective_vs_queries,burer_monteiro_gradient_descent,singular_value_sum,8,2048,256,87.31375122070312,0.8479214906692505,40,2027,success,"{""base_optimizer_parameters"":{""linesearch"":true,""sampling_dist"":""gaussian"",""sampling_scheme"":""full-rank"",""samps_per_iter"":256,""step_size"":0.03,""target_rank"":3},""data_seed"":2025,""initialization_seed"":2026,""iterations"":10000,""matrix_shape"":[30,30],""max_queries"":10000,""objective_noise"":0.0,""optimizer_seed"":2027,""recovery_parameters"":{""iters"":15}}",4.9299925826489925,
objective_vs_queries,burer_monteiro_gradient_descent,singular_value_sum,9,2304,256,70.4849624633789,0.8479214906692505,40,2027,success,"{""base_optimizer_parameters"":{""linesearch"":true,""sampling_dist"":""gaussian"",""sampling_scheme"":""full-rank"",""samps_per_iter"":256,""step_size"":0.03,""target_rank"":3},""data_seed"":2025,""initialization_seed"":2026,""iterations"":10000,""matrix_shape"":[30,30],""max_queries"":10000,""objective_noise"":0.0,""optimizer_seed"":2027,""recovery_parameters"":{""iters"":15}}",4.9299925826489925,
objective_vs_queries,burer_monteiro_gradient_descent,singular_value_sum,10,2560,256,63.51765441894531,0.8479214906692505,40,2027,success,"{""base_optimizer_parameters"":{""linesearch"":true,""sampling_dist"":""gaussian"",""sampling_scheme"":""full-rank"",""samps_per_iter"":256,""step_size"":0.03,""target_rank"":3},""data_seed"":2025,""initialization_seed"":2026,""iterations"":10000,""matrix_shape"":[30,30],""max_queries"":10000,""objective_noise"":0.0,""optimizer_seed"":2027,""recovery_parameters"":{""iters"":15}}",4.9299925826489925,
objective_vs_queries,burer_monteiro_gradient_descent,singular_value_sum,11,2816,256,52.76339340209961,0.8479214906692505,40,2027,success,"{""base_optimizer_parameters"":{""linesearch"":true,""sampling_dist"":""gaussian"",""sampling_scheme"":""full-rank"",""samps_per_iter"":256,""step_size"":0.03,""target_rank"":3},""data_seed"":2025,""initialization_seed"":2026,""iterations"":10000,""matrix_shape"":[30,30],""max_queries"":10000,""objective_noise"":0.0,""optimizer_seed"":2027,""recovery_parameters"":{""iters"":15}}",4.9299925826489925,
objective_vs_queries,burer_monteiro_gradient_descent,singular_value_sum,12,3072,256,46.11255645751953,0.8479214906692505,40,2027,success,"{""base_optimizer_parameters"":{""linesearch"":true,""sampling_dist"":""gaussian"",""sampling_scheme"":""full-rank"",""samps_per_iter"":256,""step_size"":0.03,""target_rank"":3},""data_seed"":2025,""initialization_seed"":2026,""iterations"":10000,""matrix_shape"":[30,30],""max_queries"":10000,""objective_noise"":0.0,""optimizer_seed"":2027,""recovery_parameters"":{""iters"":15}}",4.9299925826489925,
objective_vs_queries,burer_monteiro_gradient_descent,singular_value_sum,13,3328,256,40.420284271240234,0.8479214906692505,40,2027,success,"{""base_optimizer_parameters"":{""linesearch"":true,""sampling_dist"":""gaussian"",""sampling_scheme"":""full-rank"",""samps_per_iter"":256,""step_size"":0.03,""target_rank"":3},""data_seed"":2025,""initialization_seed"":2026,""iterations"":10000,""matrix_shape"":[30,30],""max_queries"":10000,""objective_noise"":0.0,""optimizer_seed"":2027,""recovery_parameters"":{""iters"":15}}",4.9299925826489925,
objective_vs_queries,burer_monteiro_gradient_descent,singular_value_sum,14,3584,256,34.50105667114258,0.8479214906692505,40,2027,success,"{""base_optimizer_parameters"":{""linesearch"":true,""sampling_dist"":""gaussian"",""sampling_scheme"":""full-rank"",""samps_per_iter"":256,""step_size"":0.03,""target_rank"":3},""data_seed"":2025,""initialization_seed"":2026,""iterations"":10000,""matrix_shape"":[30,30],""max_queries"":10000,""objective_noise"":0.0,""optimizer_seed"":2027,""recovery_parameters"":{""iters"":15}}",4.9299925826489925,
objective_vs_queries,burer_monteiro_gradient_descent,singular_value_sum,15,3840,256,30.826168060302734,0.8479214906692505,40,2027,success,"{""base_optimizer_parameters"":{""linesearch"":true,""sampling_dist"":""gaussian"",""sampling_scheme"":""full-rank"",""samps_per_iter"":256,""step_size"":0.03,""target_rank"":3},""data_seed"":2025,""initialization_seed"":2026,""iterations"":10000,""matrix_shape"":[30,30],""max_queries"":10000,""objective_noise"":0.0,""optimizer_seed"":2027,""recovery_parameters"":{""iters"":15}}",4.9299925826489925,
objective_vs_queries,burer_monteiro_gradient_descent,singular_value_sum,16,4096,256,24.253713607788086,0.8479214906692505,40,2027,success,"{""base_optimizer_parameters"":{""linesearch"":true,""sampling_dist"":""gaussian"",""sampling_scheme"":""full-rank"",""samps_per_iter"":256,""step_size"":0.03,""target_rank"":3},""data_seed"":2025,""initialization_seed"":2026,""iterations"":10000,""matrix_shape"":[30,30],""max_queries"":10000,""objective_noise"":0.0,""optimizer_seed"":2027,""recovery_parameters"":{""iters"":15}}",4.9299925826489925,
objective_vs_queries,burer_monteiro_gradient_descent,singular_value_sum,17,4352,256,20.790203094482422,0.8479214906692505,40,2027,success,"{""base_optimizer_parameters"":{""linesearch"":true,""sampling_dist"":""gaussian"",""sampling_scheme"":""full-rank"",""samps_per_iter"":256,""step_size"":0.03,""target_rank"":3},""data_seed"":2025,""initialization_seed"":2026,""iterations"":10000,""matrix_shape"":[30,30],""max_queries"":10000,""objective_noise"":0.0,""optimizer_seed"":2027,""recovery_parameters"":{""iters"":15}}",4.9299925826489925,
objective_vs_queries,burer_monteiro_gradient_descent,singular_value_sum,18,4608,256,19.504180908203125,0.8479214906692505,40,2027,success,"{""base_optimizer_parameters"":{""linesearch"":true,""sampling_dist"":""gaussian"",""sampling_scheme"":""full-rank"",""samps_per_iter"":256,""step_size"":0.03,""target_rank"":3},""data_seed"":2025,""initialization_seed"":2026,""iterations"":10000,""matrix_shape"":[30,30],""max_queries"":10000,""objective_noise"":0.0,""optimizer_seed"":2027,""recovery_parameters"":{""iters"":15}}",4.9299925826489925,
objective_vs_queries,burer_monteiro_gradient_descent,singular_value_sum,19,4864,256,17.028181076049805,0.8479214906692505,40,2027,success,"{""base_optimizer_parameters"":{""linesearch"":true,""sampling_dist"":""gaussian"",""sampling_scheme"":""full-rank"",""samps_per_iter"":256,""step_size"":0.03,""target_rank"":3},""data_seed"":2025,""initialization_seed"":2026,""iterations"":10000,""matrix_shape"":[30,30],""max_queries"":10000,""objective_noise"":0.0,""optimizer_seed"":2027,""recovery_parameters"":{""iters"":15}}",4.9299925826489925,
objective_vs_queries,burer_monteiro_gradient_descent,singular_value_sum,20,5120,256,15.727952003479004,0.8479214906692505,40,2027,success,"{""base_optimizer_parameters"":{""linesearch"":true,""sampling_dist"":""gaussian"",""sampling_scheme"":""full-rank"",""samps_per_iter"":256,""step_size"":0.03,""target_rank"":3},""data_seed"":2025,""initialization_seed"":2026,""iterations"":10000,""matrix_shape"":[30,30],""max_queries"":10000,""objective_noise"":0.0,""optimizer_seed"":2027,""recovery_parameters"":{""iters"":15}}",4.9299925826489925,
objective_vs_queries,burer_monteiro_gradient_descent,singular_value_sum,21,5376,256,13.410130500793457,0.8479214906692505,40,2027,success,"{""base_optimizer_parameters"":{""linesearch"":true,""sampling_dist"":""gaussian"",""sampling_scheme"":""full-rank"",""samps_per_iter"":256,""step_size"":0.03,""target_rank"":3},""data_seed"":2025,""initialization_seed"":2026,""iterations"":10000,""matrix_shape"":[30,30],""max_queries"":10000,""objective_noise"":0.0,""optimizer_seed"":2027,""recovery_parameters"":{""iters"":15}}",4.9299925826489925,
objective_vs_queries,burer_monteiro_gradient_descent,singular_value_sum,22,5632,256,11.399524688720703,0.8479214906692505,40,2027,success,"{""base_optimizer_parameters"":{""linesearch"":true,""sampling_dist"":""gaussian"",""sampling_scheme"":""full-rank"",""samps_per_iter"":256,""step_size"":0.03,""target_rank"":3},""data_seed"":2025,""initialization_seed"":2026,""iterations"":10000,""matrix_shape"":[30,30],""max_queries"":10000,""objective_noise"":0.0,""optimizer_seed"":2027,""recovery_parameters"":{""iters"":15}}",4.9299925826489925,
objective_vs_queries,burer_monteiro_gradient_descent,singular_value_sum,23,5888,256,9.966032981872559,0.8479214906692505,40,2027,success,"{""base_optimizer_parameters"":{""linesearch"":true,""sampling_dist"":""gaussian"",""sampling_scheme"":""full-rank"",""samps_per_iter"":256,""step_size"":0.03,""target_rank"":3},""data_seed"":2025,""initialization_seed"":2026,""iterations"":10000,""matrix_shape"":[30,30],""max_queries"":10000,""objective_noise"":0.0,""optimizer_seed"":2027,""recovery_parameters"":{""iters"":15}}",4.9299925826489925,
objective_vs_queries,burer_monteiro_gradient_descent,singular_value_sum,24,6144,256,9.375506401062012,0.8479214906692505,40,2027,success,"{""base_optimizer_parameters"":{""linesearch"":true,""sampling_dist"":""gaussian"",""sampling_scheme"":""full-rank"",""samps_per_iter"":256,""step_size"":0.03,""target_rank"":3},""data_seed"":2025,""initialization_seed"":2026,""iterations"":10000,""matrix_shape"":[30,30],""max_queries"":10000,""objective_noise"":0.0,""optimizer_seed"":2027,""recovery_parameters"":{""iters"":15}}",4.9299925826489925,
objective_vs_queries,burer_monteiro_gradient_descent,singular_value_sum,25,6400,256,7.86873197555542,0.8479214906692505,40,2027,success,"{""base_optimizer_parameters"":{""linesearch"":true,""sampling_dist"":""gaussian"",""sampling_scheme"":""full-rank"",""samps_per_iter"":256,""step_size"":0.03,""target_rank"":3},""data_seed"":2025,""initialization_seed"":2026,""iterations"":10000,""matrix_shape"":[30,30],""max_queries"":10000,""objective_noise"":0.0,""optimizer_seed"":2027,""recovery_parameters"":{""iters"":15}}",4.9299925826489925,
objective_vs_queries,burer_monteiro_gradient_descent,singular_value_sum,26,6656,256,6.76095724105835,0.8479214906692505,40,2027,success,"{""base_optimizer_parameters"":{""linesearch"":true,""sampling_dist"":""gaussian"",""sampling_scheme"":""full-rank"",""samps_per_iter"":256,""step_size"":0.03,""target_rank"":3},""data_seed"":2025,""initialization_seed"":2026,""iterations"":10000,""matrix_shape"":[30,30],""max_queries"":10000,""objective_noise"":0.0,""optimizer_seed"":2027,""recovery_parameters"":{""iters"":15}}",4.9299925826489925,
objective_vs_queries,burer_monteiro_gradient_descent,singular_value_sum,27,6912,256,5.41038703918457,0.8479214906692505,40,2027,success,"{""base_optimizer_parameters"":{""linesearch"":true,""sampling_dist"":""gaussian"",""sampling_scheme"":""full-rank"",""samps_per_iter"":256,""step_size"":0.03,""target_rank"":3},""data_seed"":2025,""initialization_seed"":2026,""iterations"":10000,""matrix_shape"":[30,30],""max_queries"":10000,""objective_noise"":0.0,""optimizer_seed"":2027,""recovery_parameters"":{""iters"":15}}",4.9299925826489925,
objective_vs_queries,burer_monteiro_gradient_descent,singular_value_sum,28,7168,256,4.7304911613464355,0.8479214906692505,40,2027,success,"{""base_optimizer_parameters"":{""linesearch"":true,""sampling_dist"":""gaussian"",""sampling_scheme"":""full-rank"",""samps_per_iter"":256,""step_size"":0.03,""target_rank"":3},""data_seed"":2025,""initialization_seed"":2026,""iterations"":10000,""matrix_shape"":[30,30],""max_queries"":10000,""objective_noise"":0.0,""optimizer_seed"":2027,""recovery_parameters"":{""iters"":15}}",4.9299925826489925,
objective_vs_queries,burer_monteiro_gradient_descent,singular_value_sum,29,7424,256,3.798025131225586,0.8479214906692505,40,2027,success,"{""base_optimizer_parameters"":{""linesearch"":true,""sampling_dist"":""gaussian"",""sampling_scheme"":""full-rank"",""samps_per_iter"":256,""step_size"":0.03,""target_rank"":3},""data_seed"":2025,""initialization_seed"":2026,""iterations"":10000,""matrix_shape"":[30,30],""max_queries"":10000,""objective_noise"":0.0,""optimizer_seed"":2027,""recovery_parameters"":{""iters"":15}}",4.9299925826489925,
objective_vs_queries,burer_monteiro_gradient_descent,singular_value_sum,30,7680,256,3.4267210960388184,0.8479214906692505,40,2027,success,"{""base_optimizer_parameters"":{""linesearch"":true,""sampling_dist"":""gaussian"",""sampling_scheme"":""full-rank"",""samps_per_iter"":256,""step_size"":0.03,""target_rank"":3},""data_seed"":2025,""initialization_seed"":2026,""iterations"":10000,""matrix_shape"":[30,30],""max_queries"":10000,""objective_noise"":0.0,""optimizer_seed"":2027,""recovery_parameters"":{""iters"":15}}",4.9299925826489925,
objective_vs_queries,burer_monteiro_gradient_descent,singular_value_sum,31,7936,256,2.980482578277588,0.8479214906692505,40,2027,success,"{""base_optimizer_parameters"":{""linesearch"":true,""sampling_dist"":""gaussian"",""sampling_scheme"":""full-rank"",""samps_per_iter"":256,""step_size"":0.03,""target_rank"":3},""data_seed"":2025,""initialization_seed"":2026,""iterations"":10000,""matrix_shape"":[30,30],""max_queries"":10000,""objective_noise"":0.0,""optimizer_seed"":2027,""recovery_parameters"":{""iters"":15}}",4.9299925826489925,
objective_vs_queries,burer_monteiro_gradient_descent,singular_value_sum,32,8192,256,2.588831901550293,0.8479214906692505,40,2027,success,"{""base_optimizer_parameters"":{""linesearch"":true,""sampling_dist"":""gaussian"",""sampling_scheme"":""full-rank"",""samps_per_iter"":256,""step_size"":0.03,""target_rank"":3},""data_seed"":2025,""initialization_seed"":2026,""iterations"":10000,""matrix_shape"":[30,30],""max_queries"":10000,""objective_noise"":0.0,""optimizer_seed"":2027,""recovery_parameters"":{""iters"":15}}",4.9299925826489925,
objective_vs_queries,burer_monteiro_gradient_descent,singular_value_sum,33,8448,256,2.042224645614624,0.8479214906692505,40,2027,success,"{""base_optimizer_parameters"":{""linesearch"":true,""sampling_dist"":""gaussian"",""sampling_scheme"":""full-rank"",""samps_per_iter"":256,""step_size"":0.03,""target_rank"":3},""data_seed"":2025,""initialization_seed"":2026,""iterations"":10000,""matrix_shape"":[30,30],""max_queries"":10000,""objective_noise"":0.0,""optimizer_seed"":2027,""recovery_parameters"":{""iters"":15}}",4.9299925826489925,
objective_vs_queries,burer_monteiro_gradient_descent,singular_value_sum,34,8704,256,1.8684043884277344,0.8479214906692505,40,2027,success,"{""base_optimizer_parameters"":{""linesearch"":true,""sampling_dist"":""gaussian"",""sampling_scheme"":""full-rank"",""samps_per_iter"":256,""step_size"":0.03,""target_rank"":3},""data_seed"":2025,""initialization_seed"":2026,""iterations"":10000,""matrix_shape"":[30,30],""max_queries"":10000,""objective_noise"":0.0,""optimizer_seed"":2027,""recovery_parameters"":{""iters"":15}}",4.9299925826489925,
objective_vs_queries,burer_monteiro_gradient_descent,singular_value_sum,35,8960,256,1.6587613821029663,0.8479214906692505,40,2027,success,"{""base_optimizer_parameters"":{""linesearch"":true,""sampling_dist"":""gaussian"",""sampling_scheme"":""full-rank"",""samps_per_iter"":256,""step_size"":0.03,""target_rank"":3},""data_seed"":2025,""initialization_seed"":2026,""iterations"":10000,""matrix_shape"":[30,30],""max_queries"":10000,""objective_noise"":0.0,""optimizer_seed"":2027,""recovery_parameters"":{""iters"":15}}",4.9299925826489925,
objective_vs_queries,burer_monteiro_gradient_descent,singular_value_sum,36,9216,256,1.4562238454818726,0.8479214906692505,40,2027,success,"{""base_optimizer_parameters"":{""linesearch"":true,""sampling_dist"":""gaussian"",""sampling_scheme"":""full-rank"",""samps_per_iter"":256,""step_size"":0.03,""target_rank"":3},""data_seed"":2025,""initialization_seed"":2026,""iterations"":10000,""matrix_shape"":[30,30],""max_queries"":10000,""objective_noise"":0.0,""optimizer_seed"":2027,""recovery_parameters"":{""iters"":15}}",4.9299925826489925,
objective_vs_queries,burer_monteiro_gradient_descent,singular_value_sum,37,9472,256,1.3258509635925293,0.8479214906692505,40,2027,success,"{""base_optimizer_parameters"":{""linesearch"":true,""sampling_dist"":""gaussian"",""sampling_scheme"":""full-rank"",""samps_per_iter"":256,""step_size"":0.03,""target_rank"":3},""data_seed"":2025,""initialization_seed"":2026,""iterations"":10000,""matrix_shape"":[30,30],""max_queries"":10000,""objective_noise"":0.0,""optimizer_seed"":2027,""recovery_parameters"":{""iters"":15}}",4.9299925826489925,
objective_vs_queries,burer_monteiro_gradient_descent,singular_value_sum,38,9728,256,1.0685466527938843,0.8479214906692505,40,2027,success,"{""base_optimizer_parameters"":{""linesearch"":true,""sampling_dist"":""gaussian"",""sampling_scheme"":""full-rank"",""samps_per_iter"":256,""step_size"":0.03,""target_rank"":3},""data_seed"":2025,""initialization_seed"":2026,""iterations"":10000,""matrix_shape"":[30,30],""max_queries"":10000,""objective_noise"":0.0,""optimizer_seed"":2027,""recovery_parameters"":{""iters"":15}}",4.9299925826489925,
objective_vs_queries,burer_monteiro_gradient_descent,singular_value_sum,39,9984,256,0.894353449344635,0.8479214906692505,40,2027,success,"{""base_optimizer_parameters"":{""linesearch"":true,""sampling_dist"":""gaussian"",""sampling_scheme"":""full-rank"",""samps_per_iter"":256,""step_size"":0.03,""target_rank"":3},""data_seed"":2025,""initialization_seed"":2026,""iterations"":10000,""matrix_shape"":[30,30],""max_queries"":10000,""objective_noise"":0.0,""optimizer_seed"":2027,""recovery_parameters"":{""iters"":15}}",4.9299925826489925,
objective_vs_queries,burer_monteiro_gradient_descent,singular_value_sum,40,10240,256,0.8479214906692505,0.8479214906692505,40,2027,success,"{""base_optimizer_parameters"":{""linesearch"":true,""sampling_dist"":""gaussian"",""sampling_scheme"":""full-rank"",""samps_per_iter"":256,""step_size"":0.03,""target_rank"":3},""data_seed"":2025,""initialization_seed"":2026,""iterations"":10000,""matrix_shape"":[30,30],""max_queries"":10000,""objective_noise"":0.0,""optimizer_seed"":2027,""recovery_parameters"":{""iters"":15}}",4.9299925826489925,
objective_vs_queries,adjoint_sensing_operator,ky_fan_regression,0,0,128,38.678131103515625,12.291109085083008,79,2027,success,"{""base_optimizer_parameters"":{""linesearch"":true,""sampling_dist"":""gaussian"",""sampling_scheme"":""full-rank"",""samps_per_iter"":128,""step_size"":0.03,""target_rank"":3},""data_seed"":2025,""initialization_seed"":2026,""iterations"":10000,""matrix_shape"":[30,30],""max_queries"":10000,""objective_noise"":0.0,""optimizer_seed"":2027,""recovery_parameters"":{}}",0.8829025840386748,
objective_vs_queries,adjoint_sensing_operator,ky_fan_regression,1,128,128,35.89410400390625,12.291109085083008,79,2027,success,"{""base_optimizer_parameters"":{""linesearch"":true,""sampling_dist"":""gaussian"",""sampling_scheme"":""full-rank"",""samps_per_iter"":128,""step_size"":0.03,""target_rank"":3},""data_seed"":2025,""initialization_seed"":2026,""iterations"":10000,""matrix_shape"":[30,30],""max_queries"":10000,""objective_noise"":0.0,""optimizer_seed"":2027,""recovery_parameters"":{}}",0.8829025840386748,
objective_vs_queries,adjoint_sensing_operator,ky_fan_regression,2,256,128,35.029258728027344,12.291109085083008,79,2027,success,"{""base_optimizer_parameters"":{""linesearch"":true,""sampling_dist"":""gaussian"",""sampling_scheme"":""full-rank"",""samps_per_iter"":128,""step_size"":0.03,""target_rank"":3},""data_seed"":2025,""initialization_seed"":2026,""iterations"":10000,""matrix_shape"":[30,30],""max_queries"":10000,""objective_noise"":0.0,""optimizer_seed"":2027,""recovery_parameters"":{}}",0.8829025840386748,
objective_vs_queries,adjoint_sensing_operator,ky_fan_regression,3,384,128,33.880271911621094,12.291109085083008,79,2027,success,"{""base_optimizer_parameters"":{""linesearch"":true,""sampling_dist"":""gaussian"",""sampling_scheme"":""full-rank"",""samps_per_iter"":128,""step_size"":0.03,""target_rank"":3},""data_seed"":2025,""initialization_seed"":2026,""iterations"":10000,""matrix_shape"":[30,30],""max_queries"":10000,""objective_noise"":0.0,""optimizer_seed"":2027,""recovery_parameters"":{}}",0.8829025840386748,
objective_vs_queries,adjoint_sensing_operator,ky_fan_regression,4,512,128,32.788482666015625,12.291109085083008,79,2027,success,"{""base_optimizer_parameters"":{""linesearch"":true,""sampling_dist"":""gaussian"",""sampling_scheme"":""full-rank"",""samps_per_iter"":128,""step_size"":0.03,""target_rank"":3},""data_seed"":2025,""initialization_seed"":2026,""iterations"":10000,""matrix_shape"":[30,30],""max_queries"":10000,""objective_noise"":0.0,""optimizer_seed"":2027,""recovery_parameters"":{}}",0.8829025840386748,
objective_vs_queries,adjoint_sensing_operator,ky_fan_regression,5,640,128,31.958229064941406,12.291109085083008,79,2027,success,"{""base_optimizer_parameters"":{""linesearch"":true,""sampling_dist"":""gaussian"",""sampling_scheme"":""full-rank"",""samps_per_iter"":128,""step_size"":0.03,""target_rank"":3},""data_seed"":2025,""initialization_seed"":2026,""iterations"":10000,""matrix_shape"":[30,30],""max_queries"":10000,""objective_noise"":0.0,""optimizer_seed"":2027,""recovery_parameters"":{}}",0.8829025840386748,
objective_vs_queries,adjoint_sensing_operator,ky_fan_regression,6,768,128,31.564651489257812,12.291109085083008,79,2027,success,"{""base_optimizer_parameters"":{""linesearch"":true,""sampling_dist"":""gaussian"",""sampling_scheme"":""full-rank"",""samps_per_iter"":128,""step_size"":0.03,""target_rank"":3},""data_seed"":2025,""initialization_seed"":2026,""iterations"":10000,""matrix_shape"":[30,30],""max_queries"":10000,""objective_noise"":0.0,""optimizer_seed"":2027,""recovery_parameters"":{}}",0.8829025840386748,
objective_vs_queries,adjoint_sensing_operator,ky_fan_regression,7,896,128,30.741321563720703,12.291109085083008,79,2027,success,"{""base_optimizer_parameters"":{""linesearch"":true,""sampling_dist"":""gaussian"",""sampling_scheme"":""full-rank"",""samps_per_iter"":128,""step_size"":0.03,""target_rank"":3},""data_seed"":2025,""initialization_seed"":2026,""iterations"":10000,""matrix_shape"":[30,30],""max_queries"":10000,""objective_noise"":0.0,""optimizer_seed"":2027,""recovery_parameters"":{}}",0.8829025840386748,
objective_vs_queries,adjoint_sensing_operator,ky_fan_regression,8,1024,128,30.217660903930664,12.291109085083008,79,2027,success,"{""base_optimizer_parameters"":{""linesearch"":true,""sampling_dist"":""gaussian"",""sampling_scheme"":""full-rank"",""samps_per_iter"":128,""step_size"":0.03,""target_rank"":3},""data_seed"":2025,""initialization_seed"":2026,""iterations"":10000,""matrix_shape"":[30,30],""max_queries"":10000,""objective_noise"":0.0,""optimizer_seed"":2027,""recovery_parameters"":{}}",0.8829025840386748,
objective_vs_queries,adjoint_sensing_operator,ky_fan_regression,9,1152,128,29.630882263183594,12.291109085083008,79,2027,success,"{""base_optimizer_parameters"":{""linesearch"":true,""sampling_dist"":""gaussian"",""sampling_scheme"":""full-rank"",""samps_per_iter"":128,""step_size"":0.03,""target_rank"":3},""data_seed"":2025,""initialization_seed"":2026,""iterations"":10000,""matrix_shape"":[30,30],""max_queries"":10000,""objective_noise"":0.0,""optimizer_seed"":2027,""recovery_parameters"":{}}",0.8829025840386748,
objective_vs_queries,adjoint_sensing_operator,ky_fan_regression,10,1280,128,28.916305541992188,12.291109085083008,79,2027,success,"{""base_optimizer_parameters"":{""linesearch"":true,""sampling_dist"":""gaussian"",""sampling_scheme"":""full-rank"",""samps_per_iter"":128,""step_size"":0.03,""target_rank"":3},""data_seed"":2025,""initialization_seed"":2026,""iterations"":10000,""matrix_shape"":[30,30],""max_queries"":10000,""objective_noise"":0.0,""optimizer_seed"":2027,""recovery_parameters"":{}}",0.8829025840386748,
objective_vs_queries,adjoint_sensing_operator,ky_fan_regression,11,1408,128,28.570737838745117,12.291109085083008,79,2027,success,"{""base_optimizer_parameters"":{""linesearch"":true,""sampling_dist"":""gaussian"",""sampling_scheme"":""full-rank"",""samps_per_iter"":128,""step_size"":0.03,""target_rank"":3},""data_seed"":2025,""initialization_seed"":2026,""iterations"":10000,""matrix_shape"":[30,30],""max_queries"":10000,""objective_noise"":0.0,""optimizer_seed"":2027,""recovery_parameters"":{}}",0.8829025840386748,
objective_vs_queries,adjoint_sensing_operator,ky_fan_regression,12,1536,128,27.727153778076172,12.291109085083008,79,2027,success,"{""base_optimizer_parameters"":{""linesearch"":true,""sampling_dist"":""gaussian"",""sampling_scheme"":""full-rank"",""samps_per_iter"":128,""step_size"":0.03,""target_rank"":3},""data_seed"":2025,""initialization_seed"":2026,""iterations"":10000,""matrix_shape"":[30,30],""max_queries"":10000,""objective_noise"":0.0,""optimizer_seed"":2027,""recovery_parameters"":{}}",0.8829025840386748,
objective_vs_queries,adjoint_sensing_operator,ky_fan_regression,13,1664,128,27.43524169921875,12.291109085083008,79,2027,success,"{""base_optimizer_parameters"":{""linesearch"":true,""sampling_dist"":""gaussian"",""sampling_scheme"":""full-rank"",""samps_per_iter"":128,""step_size"":0.03,""target_rank"":3},""data_seed"":2025,""initialization_seed"":2026,""iterations"":10000,""matrix_shape"":[30,30],""max_queries"":10000,""objective_noise"":0.0,""optimizer_seed"":2027,""recovery_parameters"":{}}",0.8829025840386748,
objective_vs_queries,adjoint_sensing_operator,ky_fan_regression,14,1792,128,26.90521240234375,12.291109085083008,79,2027,success,"{""base_optimizer_parameters"":{""linesearch"":true,""sampling_dist"":""gaussian"",""sampling_scheme"":""full-rank"",""samps_per_iter"":128,""step_size"":0.03,""target_rank"":3},""data_seed"":2025,""initialization_seed"":2026,""iterations"":10000,""matrix_shape"":[30,30],""max_queries"":10000,""objective_noise"":0.0,""optimizer_seed"":2027,""recovery_parameters"":{}}",0.8829025840386748,
objective_vs_queries,adjoint_sensing_operator,ky_fan_regression,15,1920,128,26.644182205200195,12.291109085083008,79,2027,success,"{""base_optimizer_parameters"":{""linesearch"":true,""sampling_dist"":""gaussian"",""sampling_scheme"":""full-rank"",""samps_per_iter"":128,""step_size"":0.03,""target_rank"":3},""data_seed"":2025,""initialization_seed"":2026,""iterations"":10000,""matrix_shape"":[30,30],""max_queries"":10000,""objective_noise"":0.0,""optimizer_seed"":2027,""recovery_parameters"":{}}",0.8829025840386748,
objective_vs_queries,adjoint_sensing_operator,ky_fan_regression,16,2048,128,26.242874145507812,12.291109085083008,79,2027,success,"{""base_optimizer_parameters"":{""linesearch"":true,""sampling_dist"":""gaussian"",""sampling_scheme"":""full-rank"",""samps_per_iter"":128,""step_size"":0.03,""target_rank"":3},""data_seed"":2025,""initialization_seed"":2026,""iterations"":10000,""matrix_shape"":[30,30],""max_queries"":10000,""objective_noise"":0.0,""optimizer_seed"":2027,""recovery_parameters"":{}}",0.8829025840386748,
objective_vs_queries,adjoint_sensing_operator,ky_fan_regression,17,2176,128,25.772502899169922,12.291109085083008,79,2027,success,"{""base_optimizer_parameters"":{""linesearch"":true,""sampling_dist"":""gaussian"",""sampling_scheme"":""full-rank"",""samps_per_iter"":128,""step_size"":0.03,""target_rank"":3},""data_seed"":2025,""initialization_seed"":2026,""iterations"":10000,""matrix_shape"":[30,30],""max_queries"":10000,""objective_noise"":0.0,""optimizer_seed"":2027,""recovery_parameters"":{}}",0.8829025840386748,
objective_vs_queries,adjoint_sensing_operator,ky_fan_regression,18,2304,128,25.639436721801758,12.291109085083008,79,2027,success,"{""base_optimizer_parameters"":{""linesearch"":true,""sampling_dist"":""gaussian"",""sampling_scheme"":""full-rank"",""samps_per_iter"":128,""step_size"":0.03,""target_rank"":3},""data_seed"":2025,""initialization_seed"":2026,""iterations"":10000,""matrix_shape"":[30,30],""max_queries"":10000,""objective_noise"":0.0,""optimizer_seed"":2027,""recovery_parameters"":{}}",0.8829025840386748,
objective_vs_queries,adjoint_sensing_operator,ky_fan_regression,19,2432,128,24.831008911132812,12.291109085083008,79,2027,success,"{""base_optimizer_parameters"":{""linesearch"":true,""sampling_dist"":""gaussian"",""sampling_scheme"":""full-rank"",""samps_per_iter"":128,""step_size"":0.03,""target_rank"":3},""data_seed"":2025,""initialization_seed"":2026,""iterations"":10000,""matrix_shape"":[30,30],""max_queries"":10000,""objective_noise"":0.0,""optimizer_seed"":2027,""recovery_parameters"":{}}",0.8829025840386748,
objective_vs_queries,adjoint_sensing_operator,ky_fan_regression,20,2560,128,24.54561424255371,12.291109085083008,79,2027,success,"{""base_optimizer_parameters"":{""linesearch"":true,""sampling_dist"":""gaussian"",""sampling_scheme"":""full-rank"",""samps_per_iter"":128,""step_size"":0.03,""target_rank"":3},""data_seed"":2025,""initialization_seed"":2026,""iterations"":10000,""matrix_shape"":[30,30],""max_queries"":10000,""objective_noise"":0.0,""optimizer_seed"":2027,""recovery_parameters"":{}}",0.8829025840386748,
objective_vs_queries,adjoint_sensing_operator,ky_fan_regression,21,2688,128,24.36265754699707,12.291109085083008,79,2027,success,"{""base_optimizer_parameters"":{""linesearch"":true,""sampling_dist"":""gaussian"",""sampling_scheme"":""full-rank"",""samps_per_iter"":128,""step_size"":0.03,""target_rank"":3},""data_seed"":2025,""initialization_seed"":2026,""iterations"":10000,""matrix_shape"":[30,30],""max_queries"":10000,""objective_noise"":0.0,""optimizer_seed"":2027,""recovery_parameters"":{}}",0.8829025840386748,
objective_vs_queries,adjoint_sensing_operator,ky_fan_regression,22,2816,128,24.0646915435791,12.291109085083008,79,2027,success,"{""base_optimizer_parameters"":{""linesearch"":true,""sampling_dist"":""gaussian"",""sampling_scheme"":""full-rank"",""samps_per_iter"":128,""step_size"":0.03,""target_rank"":3},""data_seed"":2025,""initialization_seed"":2026,""iterations"":10000,""matrix_shape"":[30,30],""max_queries"":10000,""objective_noise"":0.0,""optimizer_seed"":2027,""recovery_parameters"":{}}",0.8829025840386748,
objective_vs_queries,adjoint_sensing_operator,ky_fan_regression,23,2944,128,23.923694610595703,12.291109085083008,79,2027,success,"{""base_optimizer_parameters"":{""linesearch"":true,""sampling_dist"":""gaussian"",""sampling_scheme"":""full-rank"",""samps_per_iter"":128,""step_size"":0.03,""target_rank"":3},""data_seed"":2025,""initialization_seed"":2026,""iterations"":10000,""matrix_shape"":[30,30],""max_queries"":10000,""objective_noise"":0.0,""optimizer_seed"":2027,""recovery_parameters"":{}}",0.8829025840386748,
objective_vs_queries,adjoint_sensing_operator,ky_fan_regression,24,3072,128,23.493452072143555,12.291109085083008,79,2027,success,"{""base_optimizer_parameters"":{""linesearch"":true,""sampling_dist"":""gaussian"",""sampling_scheme"":""full-rank"",""samps_per_iter"":128,""step_size"":0.03,""target_rank"":3},""data_seed"":2025,""initialization_seed"":2026,""iterations"":10000,""matrix_shape"":[30,30],""max_queries"":10000,""objective_noise"":0.0,""optimizer_seed"":2027,""recovery_parameters"":{}}",0.8829025840386748,
objective_vs_queries,adjoint_sensing_operator,ky_fan_regression,25,3200,128,22.87032699584961,12.291109085083008,79,2027,success,"{""base_optimizer_parameters"":{""linesearch"":true,""sampling_dist"":""gaussian"",""sampling_scheme"":""full-rank"",""samps_per_iter"":128,""step_size"":0.03,""target_rank"":3},""data_seed"":2025,""initialization_seed"":2026,""iterations"":10000,""matrix_shape"":[30,30],""max_queries"":10000,""objective_noise"":0.0,""optimizer_seed"":2027,""recovery_parameters"":{}}",0.8829025840386748,
objective_vs_queries,adjoint_sensing_operator,ky_fan_regression,26,3328,128,22.62208366394043,12.291109085083008,79,2027,success,"{""base_optimizer_parameters"":{""linesearch"":true,""sampling_dist"":""gaussian"",""sampling_scheme"":""full-rank"",""samps_per_iter"":128,""step_size"":0.03,""target_rank"":3},""data_seed"":2025,""initialization_seed"":2026,""iterations"":10000,""matrix_shape"":[30,30],""max_queries"":10000,""objective_noise"":0.0,""optimizer_seed"":2027,""recovery_parameters"":{}}",0.8829025840386748,
objective_vs_queries,adjoint_sensing_operator,ky_fan_regression,27,3456,128,22.37856101989746,12.291109085083008,79,2027,success,"{""base_optimizer_parameters"":{""linesearch"":true,""sampling_dist"":""gaussian"",""sampling_scheme"":""full-rank"",""samps_per_iter"":128,""step_size"":0.03,""target_rank"":3},""data_seed"":2025,""initialization_seed"":2026,""iterations"":10000,""matrix_shape"":[30,30],""max_queries"":10000,""objective_noise"":0.0,""optimizer_seed"":2027,""recovery_parameters"":{}}",0.8829025840386748,
objective_vs_queries,adjoint_sensing_operator,ky_fan_regression,28,3584,128,22.067678451538086,12.291109085083008,79,2027,success,"{""base_optimizer_parameters"":{""linesearch"":true,""sampling_dist"":""gaussian"",""sampling_scheme"":""full-rank"",""samps_per_iter"":128,""step_size"":0.03,""target_rank"":3},""data_seed"":2025,""initialization_seed"":2026,""iterations"":10000,""matrix_shape"":[30,30],""max_queries"":10000,""objective_noise"":0.0,""optimizer_seed"":2027,""recovery_parameters"":{}}",0.8829025840386748,
objective_vs_queries,adjoint_sensing_operator,ky_fan_regression,29,3712,128,21.774391174316406,12.291109085083008,79,2027,success,"{""base_optimizer_parameters"":{""linesearch"":true,""sampling_dist"":""gaussian"",""sampling_scheme"":""full-rank"",""samps_per_iter"":128,""step_size"":0.03,""target_rank"":3},""data_seed"":2025,""initialization_seed"":2026,""iterations"":10000,""matrix_shape"":[30,30],""max_queries"":10000,""objective_noise"":0.0,""optimizer_seed"":2027,""recovery_parameters"":{}}",0.8829025840386748,
objective_vs_queries,adjoint_sensing_operator,ky_fan_regression,30,3840,128,21.433176040649414,12.291109085083008,79,2027,success,"{""base_optimizer_parameters"":{""linesearch"":true,""sampling_dist"":""gaussian"",""sampling_scheme"":""full-rank"",""samps_per_iter"":128,""step_size"":0.03,""target_rank"":3},""data_seed"":2025,""initialization_seed"":2026,""iterations"":10000,""matrix_shape"":[30,30],""max_queries"":10000,""objective_noise"":0.0,""optimizer_seed"":2027,""recovery_parameters"":{}}",0.8829025840386748,
objective_vs_queries,adjoint_sensing_operator,ky_fan_regression,31,3968,128,20.999563217163086,12.291109085083008,79,2027,success,"{""base_optimizer_parameters"":{""linesearch"":true,""sampling_dist"":""gaussian"",""sampling_scheme"":""full-rank"",""samps_per_iter"":128,""step_size"":0.03,""target_rank"":3},""data_seed"":2025,""initialization_seed"":2026,""iterations"":10000,""matrix_shape"":[30,30],""max_queries"":10000,""objective_noise"":0.0,""optimizer_seed"":2027,""recovery_parameters"":{}}",0.8829025840386748,
objective_vs_queries,adjoint_sensing_operator,ky_fan_regression,32,4096,128,20.644887924194336,12.291109085083008,79,2027,success,"{""base_optimizer_parameters"":{""linesearch"":true,""sampling_dist"":""gaussian"",""sampling_scheme"":""full-rank"",""samps_per_iter"":128,""step_size"":0.03,""target_rank"":3},""data_seed"":2025,""initialization_seed"":2026,""iterations"":10000,""matrix_shape"":[30,30],""max_queries"":10000,""objective_noise"":0.0,""optimizer_seed"":2027,""recovery_parameters"":{}}",0.8829025840386748,
objective_vs_queries,adjoint_sensing_operator,ky_fan_regression,33,4224,128,20.302112579345703,12.291109085083008,79,2027,success,"{""base_optimizer_parameters"":{""linesearch"":true,""sampling_dist"":""gaussian"",""sampling_scheme"":""full-rank"",""samps_per_iter"":128,""step_size"":0.03,""target_rank"":3},""data_seed"":2025,""initialization_seed"":2026,""iterations"":10000,""matrix_shape"":[30,30],""max_queries"":10000,""objective_noise"":0.0,""optimizer_seed"":2027,""recovery_parameters"":{}}",0.8829025840386748,
objective_vs_queries,adjoint_sensing_operator,ky_fan_regression,34,4352,128,20.19770622253418,12.291109085083008,79,2027,success,"{""base_optimizer_parameters"":{""linesearch"":true,""sampling_dist"":""gaussian"",""sampling_scheme"":""full-rank"",""samps_per_iter"":128,""step_size"":0.03,""target_rank"":3},""data_seed"":2025,""initialization_seed"":2026,""iterations"":10000,""matrix_shape"":[30,30],""max_queries"":10000,""objective_noise"":0.0,""optimizer_seed"":2027,""recovery_parameters"":{}}",0.8829025840386748,
objective_vs_queries,adjoint_sensing_operator,ky_fan_regression,35,4480,128,20.018003463745117,12.291109085083008,79,2027,success,"{""base_optimizer_parameters"":{""linesearch"":true,""sampling_dist"":""gaussian"",""sampling_scheme"":""full-rank"",""samps_per_iter"":128,""step_size"":0.03,""target_rank"":3},""data_seed"":2025,""initialization_seed"":2026,""iterations"":10000,""matrix_shape"":[30,30],""max_queries"":10000,""objective_noise"":0.0,""optimizer_seed"":2027,""recovery_parameters"":{}}",0.8829025840386748,
objective_vs_queries,adjoint_sensing_operator,ky_fan_regression,36,4608,128,19.68975830078125,12.291109085083008,79,2027,success,"{""base_optimizer_parameters"":{""linesearch"":true,""sampling_dist"":""gaussian"",""sampling_scheme"":""full-rank"",""samps_per_iter"":128,""step_size"":0.03,""target_rank"":3},""data_seed"":2025,""initialization_seed"":2026,""iterations"":10000,""matrix_shape"":[30,30],""max_queries"":10000,""objective_noise"":0.0,""optimizer_seed"":2027,""recovery_parameters"":{}}",0.8829025840386748,
objective_vs_queries,adjoint_sensing_operator,ky_fan_regression,37,4736,128,19.276466369628906,12.291109085083008,79,2027,success,"{""base_optimizer_parameters"":{""linesearch"":true,""sampling_dist"":""gaussian"",""sampling_scheme"":""full-rank"",""samps_per_iter"":128,""step_size"":0.03,""target_rank"":3},""data_seed"":2025,""initialization_seed"":2026,""iterations"":10000,""matrix_shape"":[30,30],""max_queries"":10000,""objective_noise"":0.0,""optimizer_seed"":2027,""recovery_parameters"":{}}",0.8829025840386748,
objective_vs_queries,adjoint_sensing_operator,ky_fan_regression,38,4864,128,18.980226516723633,12.291109085083008,79,2027,success,"{""base_optimizer_parameters"":{""linesearch"":true,""sampling_dist"":""gaussian"",""sampling_scheme"":""full-rank"",""samps_per_iter"":128,""step_size"":0.03,""target_rank"":3},""data_seed"":2025,""initialization_seed"":2026,""iterations"":10000,""matrix_shape"":[30,30],""max_queries"":10000,""objective_noise"":0.0,""optimizer_seed"":2027,""recovery_parameters"":{}}",0.8829025840386748,
objective_vs_queries,adjoint_sensing_operator,ky_fan_regression,39,4992,128,18.79511070251465,12.291109085083008,79,2027,success,"{""base_optimizer_parameters"":{""linesearch"":true,""sampling_dist"":""gaussian"",""sampling_scheme"":""full-rank"",""samps_per_iter"":128,""step_size"":0.03,""target_rank"":3},""data_seed"":2025,""initialization_seed"":2026,""iterations"":10000,""matrix_shape"":[30,30],""max_queries"":10000,""objective_noise"":0.0,""optimizer_seed"":2027,""recovery_parameters"":{}}",0.8829025840386748,
objective_vs_queries,adjoint_sensing_operator,ky_fan_regression,40,5120,128,18.531116485595703,12.291109085083008,79,2027,success,"{""base_optimizer_parameters"":{""linesearch"":true,""sampling_dist"":""gaussian"",""sampling_scheme"":""full-rank"",""samps_per_iter"":128,""step_size"":0.03,""target_rank"":3},""data_seed"":2025,""initialization_seed"":2026,""iterations"":10000,""matrix_shape"":[30,30],""max_queries"":10000,""objective_noise"":0.0,""optimizer_seed"":2027,""recovery_parameters"":{}}",0.8829025840386748,
objective_vs_queries,adjoint_sensing_operator,ky_fan_regression,41,5248,128,18.316967010498047,12.291109085083008,79,2027,success,"{""base_optimizer_parameters"":{""linesearch"":true,""sampling_dist"":""gaussian"",""sampling_scheme"":""full-rank"",""samps_per_iter"":128,""step_size"":0.03,""target_rank"":3},""data_seed"":2025,""initialization_seed"":2026,""iterations"":10000,""matrix_shape"":[30,30],""max_queries"":10000,""objective_noise"":0.0,""optimizer_seed"":2027,""recovery_parameters"":{}}",0.8829025840386748,
objective_vs_queries,adjoint_sensing_operator,ky_fan_regression,42,5376,128,18.186952590942383,12.291109085083008,79,2027,success,"{""base_optimizer_parameters"":{""linesearch"":true,""sampling_dist"":""gaussian"",""sampling_scheme"":""full-rank"",""samps_per_iter"":128,""step_size"":0.03,""target_rank"":3},""data_seed"":2025,""initialization_seed"":2026,""iterations"":10000,""matrix_shape"":[30,30],""max_queries"":10000,""objective_noise"":0.0,""optimizer_seed"":2027,""recovery_parameters"":{}}",0.8829025840386748,
objective_vs_queries,adjoint_sensing_operator,ky_fan_regression,43,5504,128,18.125476837158203,12.291109085083008,79,2027,success,"{""base_optimizer_parameters"":{""linesearch"":true,""sampling_dist"":""gaussian"",""sampling_scheme"":""full-rank"",""samps_per_iter"":128,""step_size"":0.03,""target_rank"":3},""data_seed"":2025,""initialization_seed"":2026,""iterations"":10000,""matrix_shape"":[30,30],""max_queries"":10000,""objective_noise"":0.0,""optimizer_seed"":2027,""recovery_parameters"":{}}",0.8829025840386748,
objective_vs_queries,adjoint_sensing_operator,ky_fan_regression,44,5632,128,18.078100204467773,12.291109085083008,79,2027,success,"{""base_optimizer_parameters"":{""linesearch"":true,""sampling_dist"":""gaussian"",""sampling_scheme"":""full-rank"",""samps_per_iter"":128,""step_size"":0.03,""target_rank"":3},""data_seed"":2025,""initialization_seed"":2026,""iterations"":10000,""matrix_shape"":[30,30],""max_queries"":10000,""objective_noise"":0.0,""optimizer_seed"":2027,""recovery_parameters"":{}}",0.8829025840386748,
objective_vs_queries,adjoint_sensing_operator,ky_fan_regression,45,5760,128,17.70754051208496,12.291109085083008,79,2027,success,"{""base_optimizer_parameters"":{""linesearch"":true,""sampling_dist"":""gaussian"",""sampling_scheme"":""full-rank"",""samps_per_iter"":128,""step_size"":0.03,""target_rank"":3},""data_seed"":2025,""initialization_seed"":2026,""iterations"":10000,""matrix_shape"":[30,30],""max_queries"":10000,""objective_noise"":0.0,""optimizer_seed"":2027,""recovery_parameters"":{}}",0.8829025840386748,
objective_vs_queries,adjoint_sensing_operator,ky_fan_regression,46,5888,128,17.51696014404297,12.291109085083008,79,2027,success,"{""base_optimizer_parameters"":{""linesearch"":true,""sampling_dist"":""gaussian"",""sampling_scheme"":""full-rank"",""samps_per_iter"":128,""step_size"":0.03,""target_rank"":3},""data_seed"":2025,""initialization_seed"":2026,""iterations"":10000,""matrix_shape"":[30,30],""max_queries"":10000,""objective_noise"":0.0,""optimizer_seed"":2027,""recovery_parameters"":{}}",0.8829025840386748,
objective_vs_queries,adjoint_sensing_operator,ky_fan_regression,47,6016,128,17.252418518066406,12.291109085083008,79,2027,success,"{""base_optimizer_parameters"":{""linesearch"":true,""sampling_dist"":""gaussian"",""sampling_scheme"":""full-rank"",""samps_per_iter"":128,""step_size"":0.03,""target_rank"":3},""data_seed"":2025,""initialization_seed"":2026,""iterations"":10000,""matrix_shape"":[30,30],""max_queries"":10000,""objective_noise"":0.0,""optimizer_seed"":2027,""recovery_parameters"":{}}",0.8829025840386748,
objective_vs_queries,adjoint_sensing_operator,ky_fan_regression,48,6144,128,17.045188903808594,12.291109085083008,79,2027,success,"{""base_optimizer_parameters"":{""linesearch"":true,""sampling_dist"":""gaussian"",""sampling_scheme"":""full-rank"",""samps_per_iter"":128,""step_size"":0.03,""target_rank"":3},""data_seed"":2025,""initialization_seed"":2026,""iterations"":10000,""matrix_shape"":[30,30],""max_queries"":10000,""objective_noise"":0.0,""optimizer_seed"":2027,""recovery_parameters"":{}}",0.8829025840386748,
objective_vs_queries,adjoint_sensing_operator,ky_fan_regression,49,6272,128,17.023277282714844,12.291109085083008,79,2027,success,"{""base_optimizer_parameters"":{""linesearch"":true,""sampling_dist"":""gaussian"",""sampling_scheme"":""full-rank"",""samps_per_iter"":128,""step_size"":0.03,""target_rank"":3},""data_seed"":2025,""initialization_seed"":2026,""iterations"":10000,""matrix_shape"":[30,30],""max_queries"":10000,""objective_noise"":0.0,""optimizer_seed"":2027,""recovery_parameters"":{}}",0.8829025840386748,
objective_vs_queries,adjoint_sensing_operator,ky_fan_regression,50,6400,128,16.82147216796875,12.291109085083008,79,2027,success,"{""base_optimizer_parameters"":{""linesearch"":true,""sampling_dist"":""gaussian"",""sampling_scheme"":""full-rank"",""samps_per_iter"":128,""step_size"":0.03,""target_rank"":3},""data_seed"":2025,""initialization_seed"":2026,""iterations"":10000,""matrix_shape"":[30,30],""max_queries"":10000,""objective_noise"":0.0,""optimizer_seed"":2027,""recovery_parameters"":{}}",0.8829025840386748,
objective_vs_queries,adjoint_sensing_operator,ky_fan_regression,51,6528,128,16.760555267333984,12.291109085083008,79,2027,success,"{""base_optimizer_parameters"":{""linesearch"":true,""sampling_dist"":""gaussian"",""sampling_scheme"":""full-rank"",""samps_per_iter"":128,""step_size"":0.03,""target_rank"":3},""data_seed"":2025,""initialization_seed"":2026,""iterations"":10000,""matrix_shape"":[30,30],""max_queries"":10000,""objective_noise"":0.0,""optimizer_seed"":2027,""recovery_parameters"":{}}",0.8829025840386748,
objective_vs_queries,adjoint_sensing_operator,ky_fan_regression,52,6656,128,16.6973819732666,12.291109085083008,79,2027,success,"{""base_optimizer_parameters"":{""linesearch"":true,""sampling_dist"":""gaussian"",""sampling_scheme"":""full-rank"",""samps_per_iter"":128,""step_size"":0.03,""target_rank"":3},""data_seed"":2025,""initialization_seed"":2026,""iterations"":10000,""matrix_shape"":[30,30],""max_queries"":10000,""objective_noise"":0.0,""optimizer_seed"":2027,""recovery_parameters"":{}}",0.8829025840386748,
objective_vs_queries,adjoint_sensing_operator,ky_fan_regression,53,6784,128,16.467439651489258,12.291109085083008,79,2027,success,"{""base_optimizer_parameters"":{""linesearch"":true,""sampling_dist"":""gaussian"",""sampling_scheme"":""full-rank"",""samps_per_iter"":128,""step_size"":0.03,""target_rank"":3},""data_seed"":2025,""initialization_seed"":2026,""iterations"":10000,""matrix_shape"":[30,30],""max_queries"":10000,""objective_noise"":0.0,""optimizer_seed"":2027,""recovery_parameters"":{}}",0.8829025840386748,
objective_vs_queries,adjoint_sensing_operator,ky_fan_regression,54,6912,128,16.287487030029297,12.291109085083008,79,2027,success,"{""base_optimizer_parameters"":{""linesearch"":true,""sampling_dist"":""gaussian"",""sampling_scheme"":""full-rank"",""samps_per_iter"":128,""step_size"":0.03,""target_rank"":3},""data_seed"":2025,""initialization_seed"":2026,""iterations"":10000,""matrix_shape"":[30,30],""max_queries"":10000,""objective_noise"":0.0,""optimizer_seed"":2027,""recovery_parameters"":{}}",0.8829025840386748,
objective_vs_queries,adjoint_sensing_operator,ky_fan_regression,55,7040,128,16.041664123535156,12.291109085083008,79,2027,success,"{""base_optimizer_parameters"":{""linesearch"":true,""sampling_dist"":""gaussian"",""sampling_scheme"":""full-rank"",""samps_per_iter"":128,""step_size"":0.03,""target_rank"":3},""data_seed"":2025,""initialization_seed"":2026,""iterations"":10000,""matrix_shape"":[30,30],""max_queries"":10000,""objective_noise"":0.0,""optimizer_seed"":2027,""recovery_parameters"":{}}",0.8829025840386748,
objective_vs_queries,adjoint_sensing_operator,ky_fan_regression,56,7168,128,15.845870971679688,12.291109085083008,79,2027,success,"{""base_optimizer_parameters"":{""linesearch"":true,""sampling_dist"":""gaussian"",""sampling_scheme"":""full-rank"",""samps_per_iter"":128,""step_size"":0.03,""target_rank"":3},""data_seed"":2025,""initialization_seed"":2026,""iterations"":10000,""matrix_shape"":[30,30],""max_queries"":10000,""objective_noise"":0.0,""optimizer_seed"":2027,""recovery_parameters"":{}}",0.8829025840386748,
objective_vs_queries,adjoint_sensing_operator,ky_fan_regression,57,7296,128,15.816076278686523,12.291109085083008,79,2027,success,"{""base_optimizer_parameters"":{""linesearch"":true,""sampling_dist"":""gaussian"",""sampling_scheme"":""full-rank"",""samps_per_iter"":128,""step_size"":0.03,""target_rank"":3},""data_seed"":2025,""initialization_seed"":2026,""iterations"":10000,""matrix_shape"":[30,30],""max_queries"":10000,""objective_noise"":0.0,""optimizer_seed"":2027,""recovery_parameters"":{}}",0.8829025840386748,
objective_vs_queries,adjoint_sensing_operator,ky_fan_regression,58,7424,128,15.56572151184082,12.291109085083008,79,2027,success,"{""base_optimizer_parameters"":{""linesearch"":true,""sampling_dist"":""gaussian"",""sampling_scheme"":""full-rank"",""samps_per_iter"":128,""step_size"":0.03,""target_rank"":3},""data_seed"":2025,""initialization_seed"":2026,""iterations"":10000,""matrix_shape"":[30,30],""max_queries"":10000,""objective_noise"":0.0,""optimizer_seed"":2027,""recovery_parameters"":{}}",0.8829025840386748,
objective_vs_queries,adjoint_sensing_operator,ky_fan_regression,59,7552,128,15.502963066101074,12.291109085083008,79,2027,success,"{""base_optimizer_parameters"":{""linesearch"":true,""sampling_dist"":""gaussian"",""sampling_scheme"":""full-rank"",""samps_per_iter"":128,""step_size"":0.03,""target_rank"":3},""data_seed"":2025,""initialization_seed"":2026,""iterations"":10000,""matrix_shape"":[30,30],""max_queries"":10000,""objective_noise"":0.0,""optimizer_seed"":2027,""recovery_parameters"":{}}",0.8829025840386748,
objective_vs_queries,adjoint_sensing_operator,ky_fan_regression,60,7680,128,15.480499267578125,12.291109085083008,79,2027,success,"{""base_optimizer_parameters"":{""linesearch"":true,""sampling_dist"":""gaussian"",""sampling_scheme"":""full-rank"",""samps_per_iter"":128,""step_size"":0.03,""target_rank"":3},""data_seed"":2025,""initialization_seed"":2026,""iterations"":10000,""matrix_shape"":[30,30],""max_queries"":10000,""objective_noise"":0.0,""optimizer_seed"":2027,""recovery_parameters"":{}}",0.8829025840386748,
objective_vs_queries,adjoint_sensing_operator,ky_fan_regression,61,7808,128,15.228300094604492,12.291109085083008,79,2027,success,"{""base_optimizer_parameters"":{""linesearch"":true,""sampling_dist"":""gaussian"",""sampling_scheme"":""full-rank"",""samps_per_iter"":128,""step_size"":0.03,""target_rank"":3},""data_seed"":2025,""initialization_seed"":2026,""iterations"":10000,""matrix_shape"":[30,30],""max_queries"":10000,""objective_noise"":0.0,""optimizer_seed"":2027,""recovery_parameters"":{}}",0.8829025840386748,
objective_vs_queries,adjoint_sensing_operator,ky_fan_regression,62,7936,128,15.117399215698242,12.291109085083008,79,2027,success,"{""base_optimizer_parameters"":{""linesearch"":true,""sampling_dist"":""gaussian"",""sampling_scheme"":""full-rank"",""samps_per_iter"":128,""step_size"":0.03,""target_rank"":3},""data_seed"":2025,""initialization_seed"":2026,""iterations"":10000,""matrix_shape"":[30,30],""max_queries"":10000,""objective_noise"":0.0,""optimizer_seed"":2027,""recovery_parameters"":{}}",0.8829025840386748,
objective_vs_queries,adjoint_sensing_operator,ky_fan_regression,63,8064,128,14.976388931274414,12.291109085083008,79,2027,success,"{""base_optimizer_parameters"":{""linesearch"":true,""sampling_dist"":""gaussian"",""sampling_scheme"":""full-rank"",""samps_per_iter"":128,""step_size"":0.03,""target_rank"":3},""data_seed"":2025,""initialization_seed"":2026,""iterations"":10000,""matrix_shape"":[30,30],""max_queries"":10000,""objective_noise"":0.0,""optimizer_seed"":2027,""recovery_parameters"":{}}",0.8829025840386748,
objective_vs_queries,adjoint_sensing_operator,ky_fan_regression,64,8192,128,14.687553405761719,12.291109085083008,79,2027,success,"{""base_optimizer_parameters"":{""linesearch"":true,""sampling_dist"":""gaussian"",""sampling_scheme"":""full-rank"",""samps_per_iter"":128,""step_size"":0.03,""target_rank"":3},""data_seed"":2025,""initialization_seed"":2026,""iterations"":10000,""matrix_shape"":[30,30],""max_queries"":10000,""objective_noise"":0.0,""optimizer_seed"":2027,""recovery_parameters"":{}}",0.8829025840386748,
objective_vs_queries,adjoint_sensing_operator,ky_fan_regression,65,8320,128,14.446701049804688,12.291109085083008,79,2027,success,"{""base_optimizer_parameters"":{""linesearch"":true,""sampling_dist"":""gaussian"",""sampling_scheme"":""full-rank"",""samps_per_iter"":128,""step_size"":0.03,""target_rank"":3},""data_seed"":2025,""initialization_seed"":2026,""iterations"":10000,""matrix_shape"":[30,30],""max_queries"":10000,""objective_noise"":0.0,""optimizer_seed"":2027,""recovery_parameters"":{}}",0.8829025840386748,
objective_vs_queries,adjoint_sensing_operator,ky_fan_regression,66,8448,128,14.173540115356445,12.291109085083008,79,2027,success,"{""base_optimizer_parameters"":{""linesearch"":true,""sampling_dist"":""gaussian"",""sampling_scheme"":""full-rank"",""samps_per_iter"":128,""step_size"":0.03,""target_rank"":3},""data_seed"":2025,""initialization_seed"":2026,""iterations"":10000,""matrix_shape"":[30,30],""max_queries"":10000,""objective_noise"":0.0,""optimizer_seed"":2027,""recovery_parameters"":{}}",0.8829025840386748,
objective_vs_queries,adjoint_sensing_operator,ky_fan_regression,67,8576,128,14.071571350097656,12.291109085083008,79,2027,success,"{""base_optimizer_parameters"":{""linesearch"":true,""sampling_dist"":""gaussian"",""sampling_scheme"":""full-rank"",""samps_per_iter"":128,""step_size"":0.03,""target_rank"":3},""data_seed"":2025,""initialization_seed"":2026,""iterations"":10000,""matrix_shape"":[30,30],""max_queries"":10000,""objective_noise"":0.0,""optimizer_seed"":2027,""recovery_parameters"":{}}",0.8829025840386748,
objective_vs_queries,adjoint_sensing_operator,ky_fan_regression,68,8704,128,13.886621475219727,12.291109085083008,79,2027,success,"{""base_optimizer_parameters"":{""linesearch"":true,""sampling_dist"":""gaussian"",""sampling_scheme"":""full-rank"",""samps_per_iter"":128,""step_size"":0.03,""target_rank"":3},""data_seed"":2025,""initialization_seed"":2026,""iterations"":10000,""matrix_shape"":[30,30],""max_queries"":10000,""objective_noise"":0.0,""optimizer_seed"":2027,""recovery_parameters"":{}}",0.8829025840386748,
objective_vs_queries,adjoint_sensing_operator,ky_fan_regression,69,8832,128,13.850683212280273,12.291109085083008,79,2027,success,"{""base_optimizer_parameters"":{""linesearch"":true,""sampling_dist"":""gaussian"",""sampling_scheme"":""full-rank"",""samps_per_iter"":128,""step_size"":0.03,""target_rank"":3},""data_seed"":2025,""initialization_seed"":2026,""iterations"":10000,""matrix_shape"":[30,30],""max_queries"":10000,""objective_noise"":0.0,""optimizer_seed"":2027,""recovery_parameters"":{}}",0.8829025840386748,
objective_vs_queries,adjoint_sensing_operator,ky_fan_regression,70,8960,128,13.637514114379883,12.291109085083008,79,2027,success,"{""base_optimizer_parameters"":{""linesearch"":true,""sampling_dist"":""gaussian"",""sampling_scheme"":""full-rank"",""samps_per_iter"":128,""step_size"":0.03,""target_rank"":3},""data_seed"":2025,""initialization_seed"":2026,""iterations"":10000,""matrix_shape"":[30,30],""max_queries"":10000,""objective_noise"":0.0,""optimizer_seed"":2027,""recovery_parameters"":{}}",0.8829025840386748,
objective_vs_queries,adjoint_sensing_operator,ky_fan_regression,71,9088,128,13.50355339050293,12.291109085083008,79,2027,success,"{""base_optimizer_parameters"":{""linesearch"":true,""sampling_dist"":""gaussian"",""sampling_scheme"":""full-rank"",""samps_per_iter"":128,""step_size"":0.03,""target_rank"":3},""data_seed"":2025,""initialization_seed"":2026,""iterations"":10000,""matrix_shape"":[30,30],""max_queries"":10000,""objective_noise"":0.0,""optimizer_seed"":2027,""recovery_parameters"":{}}",0.8829025840386748,
objective_vs_queries,adjoint_sensing_operator,ky_fan_regression,72,9216,128,13.24173355102539,12.291109085083008,79,2027,success,"{""base_optimizer_parameters"":{""linesearch"":true,""sampling_dist"":""gaussian"",""sampling_scheme"":""full-rank"",""samps_per_iter"":128,""step_size"":0.03,""target_rank"":3},""data_seed"":2025,""initialization_seed"":2026,""iterations"":10000,""matrix_shape"":[30,30],""max_queries"":10000,""objective_noise"":0.0,""optimizer_seed"":2027,""recovery_parameters"":{}}",0.8829025840386748,
objective_vs_queries,adjoint_sensing_operator,ky_fan_regression,73,9344,128,13.069055557250977,12.291109085083008,79,2027,success,"{""base_optimizer_parameters"":{""linesearch"":true,""sampling_dist"":""gaussian"",""sampling_scheme"":""full-rank"",""samps_per_iter"":128,""step_size"":0.03,""target_rank"":3},""data_seed"":2025,""initialization_seed"":2026,""iterations"":10000,""matrix_shape"":[30,30],""max_queries"":10000,""objective_noise"":0.0,""optimizer_seed"":2027,""recovery_parameters"":{}}",0.8829025840386748,
objective_vs_queries,adjoint_sensing_operator,ky_fan_regression,74,9472,128,12.865087509155273,12.291109085083008,79,2027,success,"{""base_optimizer_parameters"":{""linesearch"":true,""sampling_dist"":""gaussian"",""sampling_scheme"":""full-rank"",""samps_per_iter"":128,""step_size"":0.03,""target_rank"":3},""data_seed"":2025,""initialization_seed"":2026,""iterations"":10000,""matrix_shape"":[30,30],""max_queries"":10000,""objective_noise"":0.0,""optimizer_seed"":2027,""recovery_parameters"":{}}",0.8829025840386748,
objective_vs_queries,adjoint_sensing_operator,ky_fan_regression,75,9600,128,12.668436050415039,12.291109085083008,79,2027,success,"{""base_optimizer_parameters"":{""linesearch"":true,""sampling_dist"":""gaussian"",""sampling_scheme"":""full-rank"",""samps_per_iter"":128,""step_size"":0.03,""target_rank"":3},""data_seed"":2025,""initialization_seed"":2026,""iterations"":10000,""matrix_shape"":[30,30],""max_queries"":10000,""objective_noise"":0.0,""optimizer_seed"":2027,""recovery_parameters"":{}}",0.8829025840386748,
objective_vs_queries,adjoint_sensing_operator,ky_fan_regression,76,9728,128,12.557552337646484,12.291109085083008,79,2027,success,"{""base_optimizer_parameters"":{""linesearch"":true,""sampling_dist"":""gaussian"",""sampling_scheme"":""full-rank"",""samps_per_iter"":128,""step_size"":0.03,""target_rank"":3},""data_seed"":2025,""initialization_seed"":2026,""iterations"":10000,""matrix_shape"":[30,30],""max_queries"":10000,""objective_noise"":0.0,""optimizer_seed"":2027,""recovery_parameters"":{}}",0.8829025840386748,
objective_vs_queries,adjoint_sensing_operator,ky_fan_regression,77,9856,128,12.537189483642578,12.291109085083008,79,2027,success,"{""base_optimizer_parameters"":{""linesearch"":true,""sampling_dist"":""gaussian"",""sampling_scheme"":""full-rank"",""samps_per_iter"":128,""step_size"":0.03,""target_rank"":3},""data_seed"":2025,""initialization_seed"":2026,""iterations"":10000,""matrix_shape"":[30,30],""max_queries"":10000,""objective_noise"":0.0,""optimizer_seed"":2027,""recovery_parameters"":{}}",0.8829025840386748,
objective_vs_queries,adjoint_sensing_operator,ky_fan_regression,78,9984,128,12.328340530395508,12.291109085083008,79,2027,success,"{""base_optimizer_parameters"":{""linesearch"":true,""sampling_dist"":""gaussian"",""sampling_scheme"":""full-rank"",""samps_per_iter"":128,""step_size"":0.03,""target_rank"":3},""data_seed"":2025,""initialization_seed"":2026,""iterations"":10000,""matrix_shape"":[30,30],""max_queries"":10000,""objective_noise"":0.0,""optimizer_seed"":2027,""recovery_parameters"":{}}",0.8829025840386748,
objective_vs_queries,adjoint_sensing_operator,ky_fan_regression,79,10112,128,12.291109085083008,12.291109085083008,79,2027,success,"{""base_optimizer_parameters"":{""linesearch"":true,""sampling_dist"":""gaussian"",""sampling_scheme"":""full-rank"",""samps_per_iter"":128,""step_size"":0.03,""target_rank"":3},""data_seed"":2025,""initialization_seed"":2026,""iterations"":10000,""matrix_shape"":[30,30],""max_queries"":10000,""objective_noise"":0.0,""optimizer_seed"":2027,""recovery_parameters"":{}}",0.8829025840386748,
objective_vs_queries,adjoint_sensing_operator,singular_value_sum,0,0,128,428.63525390625,41.978675842285156,79,2027,success,"{""base_optimizer_parameters"":{""linesearch"":true,""sampling_dist"":""gaussian"",""sampling_scheme"":""full-rank"",""samps_per_iter"":128,""step_size"":0.03,""target_rank"":3},""data_seed"":2025,""initialization_seed"":2026,""iterations"":10000,""matrix_shape"":[30,30],""max_queries"":10000,""objective_noise"":0.0,""optimizer_seed"":2027,""recovery_parameters"":{}}",0.46415970753878355,
objective_vs_queries,adjoint_sensing_operator,singular_value_sum,1,128,128,410.1752624511719,41.978675842285156,79,2027,success,"{""base_optimizer_parameters"":{""linesearch"":true,""sampling_dist"":""gaussian"",""sampling_scheme"":""full-rank"",""samps_per_iter"":128,""step_size"":0.03,""target_rank"":3},""data_seed"":2025,""initialization_seed"":2026,""iterations"":10000,""matrix_shape"":[30,30],""max_queries"":10000,""objective_noise"":0.0,""optimizer_seed"":2027,""recovery_parameters"":{}}",0.46415970753878355,
objective_vs_queries,adjoint_sensing_operator,singular_value_sum,2,256,128,401.16119384765625,41.978675842285156,79,2027,success,"{""base_optimizer_parameters"":{""linesearch"":true,""sampling_dist"":""gaussian"",""sampling_scheme"":""full-rank"",""samps_per_iter"":128,""step_size"":0.03,""target_rank"":3},""data_seed"":2025,""initialization_seed"":2026,""iterations"":10000,""matrix_shape"":[30,30],""max_queries"":10000,""objective_noise"":0.0,""optimizer_seed"":2027,""recovery_parameters"":{}}",0.46415970753878355,
objective_vs_queries,adjoint_sensing_operator,singular_value_sum,3,384,128,386.1065673828125,41.978675842285156,79,2027,success,"{""base_optimizer_parameters"":{""linesearch"":true,""sampling_dist"":""gaussian"",""sampling_scheme"":""full-rank"",""samps_per_iter"":128,""step_size"":0.03,""target_rank"":3},""data_seed"":2025,""initialization_seed"":2026,""iterations"":10000,""matrix_shape"":[30,30],""max_queries"":10000,""objective_noise"":0.0,""optimizer_seed"":2027,""recovery_parameters"":{}}",0.46415970753878355,
objective_vs_queries,adjoint_sensing_operator,singular_value_sum,4,512,128,372.48846435546875,41.978675842285156,79,2027,success,"{""base_optimizer_parameters"":{""linesearch"":true,""sampling_dist"":""gaussian"",""sampling_scheme"":""full-rank"",""samps_per_iter"":128,""step_size"":0.03,""target_rank"":3},""data_seed"":2025,""initialization_seed"":2026,""iterations"":10000,""matrix_shape"":[30,30],""max_queries"":10000,""objective_noise"":0.0,""optimizer_seed"":2027,""recovery_parameters"":{}}",0.46415970753878355,
objective_vs_queries,adjoint_sensing_operator,singular_value_sum,5,640,128,346.7998352050781,41.978675842285156,79,2027,success,"{""base_optimizer_parameters"":{""linesearch"":true,""sampling_dist"":""gaussian"",""sampling_scheme"":""full-rank"",""samps_per_iter"":128,""step_size"":0.03,""target_rank"":3},""data_seed"":2025,""initialization_seed"":2026,""iterations"":10000,""matrix_shape"":[30,30],""max_queries"":10000,""objective_noise"":0.0,""optimizer_seed"":2027,""recovery_parameters"":{}}",0.46415970753878355,
objective_vs_queries,adjoint_sensing_operator,singular_value_sum,6,768,128,327.8282775878906,41.978675842285156,79,2027,success,"{""base_optimizer_parameters"":{""linesearch"":true,""sampling_dist"":""gaussian"",""sampling_scheme"":""full-rank"",""samps_per_iter"":128,""step_size"":0.03,""target_rank"":3},""data_seed"":2025,""initialization_seed"":2026,""iterations"":10000,""matrix_shape"":[30,30],""max_queries"":10000,""objective_noise"":0.0,""optimizer_seed"":2027,""recovery_parameters"":{}}",0.46415970753878355,
objective_vs_queries,adjoint_sensing_operator,singular_value_sum,7,896,128,315.6255187988281,41.978675842285156,79,2027,success,"{""base_optimizer_parameters"":{""linesearch"":true,""sampling_dist"":""gaussian"",""sampling_scheme"":""full-rank"",""samps_per_iter"":128,""step_size"":0.03,""target_rank"":3},""data_seed"":2025,""initialization_seed"":2026,""iterations"":10000,""matrix_shape"":[30,30],""max_queries"":10000,""objective_noise"":0.0,""optimizer_seed"":2027,""recovery_parameters"":{}}",0.46415970753878355,
objective_vs_queries,adjoint_sensing_operator,singular_value_sum,8,1024,128,310.1213684082031,41.978675842285156,79,2027,success,"{""base_optimizer_parameters"":{""linesearch"":true,""sampling_dist"":""gaussian"",""sampling_scheme"":""full-rank"",""samps_per_iter"":128,""step_size"":0.03,""target_rank"":3},""data_seed"":2025,""initialization_seed"":2026,""iterations"":10000,""matrix_shape"":[30,30],""max_queries"":10000,""objective_noise"":0.0,""optimizer_seed"":2027,""recovery_parameters"":{}}",0.46415970753878355,
objective_vs_queries,adjoint_sensing_operator,singular_value_sum,9,1152,128,301.17303466796875,41.978675842285156,79,2027,success,"{""base_optimizer_parameters"":{""linesearch"":true,""sampling_dist"":""gaussian"",""sampling_scheme"":""full-rank"",""samps_per_iter"":128,""step_size"":0.03,""target_rank"":3},""data_seed"":2025,""initialization_seed"":2026,""iterations"":10000,""matrix_shape"":[30,30],""max_queries"":10000,""objective_noise"":0.0,""optimizer_seed"":2027,""recovery_parameters"":{}}",0.46415970753878355,
objective_vs_queries,adjoint_sensing_operator,singular_value_sum,10,1280,128,297.2342529296875,41.978675842285156,79,2027,success,"{""base_optimizer_parameters"":{""linesearch"":true,""sampling_dist"":""gaussian"",""sampling_scheme"":""full-rank"",""samps_per_iter"":128,""step_size"":0.03,""target_rank"":3},""data_seed"":2025,""initialization_seed"":2026,""iterations"":10000,""matrix_shape"":[30,30],""max_queries"":10000,""objective_noise"":0.0,""optimizer_seed"":2027,""recovery_parameters"":{}}",0.46415970753878355,
objective_vs_queries,adjoint_sensing_operator,singular_value_sum,11,1408,128,285.77099609375,41.978675842285156,79,2027,success,"{""base_optimizer_parameters"":{""linesearch"":true,""sampling_dist"":""gaussian"",""sampling_scheme"":""full-rank"",""samps_per_iter"":128,""step_size"":0.03,""target_rank"":3},""data_seed"":2025,""initialization_seed"":2026,""iterations"":10000,""matrix_shape"":[30,30],""max_queries"":10000,""objective_noise"":0.0,""optimizer_seed"":2027,""recovery_parameters"":{}}",0.46415970753878355,
objective_vs_queries,adjoint_sensing_operator,singular_value_sum,12,1536,128,276.79937744140625,41.978675842285156,79,2027,success,"{""base_optimizer_parameters"":{""linesearch"":true,""sampling_dist"":""gaussian"",""sampling_scheme"":""full-rank"",""samps_per_iter"":128,""step_size"":0.03,""target_rank"":3},""data_seed"":2025,""initialization_seed"":2026,""iterations"":10000,""matrix_shape"":[30,30],""max_queries"":10000,""objective_noise"":0.0,""optimizer_seed"":2027,""recovery_parameters"":{}}",0.46415970753878355,
objective_vs_queries,adjoint_sensing_operator,singular_value_sum,13,1664,128,263.13262939453125,41.978675842285156,79,2027,success,"{""base_optimizer_parameters"":{""linesearch"":true,""sampling_dist"":""gaussian"",""sampling_scheme"":""full-rank"",""samps_per_iter"":128,""step_size"":0.03,""target_rank"":3},""data_seed"":2025,""initialization_seed"":2026,""iterations"":10000,""matrix_shape"":[30,30],""max_queries"":10000,""objective_noise"":0.0,""optimizer_seed"":2027,""recovery_parameters"":{}}",0.46415970753878355,
objective_vs_queries,adjoint_sensing_operator,singular_value_sum,14,1792,128,256.35076904296875,41.978675842285156,79,2027,success,"{""base_optimizer_parameters"":{""linesearch"":true,""sampling_dist"":""gaussian"",""sampling_scheme"":""full-rank"",""samps_per_iter"":128,""step_size"":0.03,""target_rank"":3},""data_seed"":2025,""initialization_seed"":2026,""iterations"":10000,""matrix_shape"":[30,30],""max_queries"":10000,""objective_noise"":0.0,""optimizer_seed"":2027,""recovery_parameters"":{}}",0.46415970753878355,
objective_vs_queries,adjoint_sensing_operator,singular_value_sum,15,1920,128,241.73638916015625,41.978675842285156,79,2027,success,"{""base_optimizer_parameters"":{""linesearch"":true,""sampling_dist"":""gaussian"",""sampling_scheme"":""full-rank"",""samps_per_iter"":128,""step_size"":0.03,""target_rank"":3},""data_seed"":2025,""initialization_seed"":2026,""iterations"":10000,""matrix_shape"":[30,30],""max_queries"":10000,""objective_noise"":0.0,""optimizer_seed"":2027,""recovery_parameters"":{}}",0.46415970753878355,
objective_vs_queries,adjoint_sensing_operator,singular_value_sum,16,2048,128,235.7582244873047,41.978675842285156,79,2027,success,"{""base_optimizer_parameters"":{""linesearch"":true,""sampling_dist"":""gaussian"",""sampling_scheme"":""full-rank"",""samps_per_iter"":128,""step_size"":0.03,""target_rank"":3},""data_seed"":2025,""initialization_seed"":2026,""iterations"":10000,""matrix_shape"":[30,30],""max_queries"":10000,""objective_noise"":0.0,""optimizer_seed"":2027,""recovery_parameters"":{}}",0.46415970753878355,
objective_vs_queries,adjoint_sensing_operator,singular_value_sum,17,2176,128,230.19305419921875,41.978675842285156,79,2027,success,"{""base_optimizer_parameters"":{""linesearch"":true,""sampling_dist"":""gaussian"",""sampling_scheme"":""full-rank"",""samps_per_iter"":128,""step_size"":0.03,""target_rank"":3},""data_seed"":2025,""initialization_seed"":2026,""iterations"":10000,""matrix_shape"":[30,30],""max_queries"":10000,""objective_noise"":0.0,""optimizer_seed"":2027,""recovery_parameters"":{}}",0.46415970753878355,
objective_vs_queries,adjoint_sensing_operator,singular_value_sum,18,2304,128,219.7651824951172,41.978675842285156,79,2027,success,"{""base_optimizer_parameters"":{""linesearch"":true,""sampling_dist"":""gaussian"",""sampling_scheme"":""full-rank"",""samps_per_iter"":128,""step_size"":0.03,""target_rank"":3},""data_seed"":2025,""initialization_seed"":2026,""iterations"":10000,""matrix_shape"":[30,30],""max_queries"":10000,""objective_noise"":0.0,""optimizer_seed"":2027,""recovery_parameters"":{}}",0.46415970753878355,
objective_vs_queries,adjoint_sensing_operator,singular_value_sum,19,2432,128,215.8893585205078,41.978675842285156,79,2027,success,"{""base_optimizer_parameters"":{""linesearch"":true,""sampling_dist"":""gaussian"",""sampling_scheme"":""full-rank"",""samps_per_iter"":128,""step_size"":0.03,""target_rank"":3},""data_seed"":2025,""initialization_seed"":2026,""iterations"":10000,""matrix_shape"":[30,30],""max_queries"":10000,""objective_noise"":0.0,""optimizer_seed"":2027,""recovery_parameters"":{}}",0.46415970753878355,
objective_vs_queries,adjoint_sensing_operator,singular_value_sum,20,2560,128,212.64523315429688,41.978675842285156,79,2027,success,"{""base_optimizer_parameters"":{""linesearch"":true,""sampling_dist"":""gaussian"",""sampling_scheme"":""full-rank"",""samps_per_iter"":128,""step_size"":0.03,""target_rank"":3},""data_seed"":2025,""initialization_seed"":2026,""iterations"":10000,""matrix_shape"":[30,30],""max_queries"":10000,""objective_noise"":0.0,""optimizer_seed"":2027,""recovery_parameters"":{}}",0.46415970753878355,
objective_vs_queries,adjoint_sensing_operator,singular_value_sum,21,2688,128,209.47264099121094,41.978675842285156,79,2027,success,"{""base_optimizer_parameters"":{""linesearch"":true,""sampling_dist"":""gaussian"",""sampling_scheme"":""full-rank"",""samps_per_iter"":128,""step_size"":0.03,""target_rank"":3},""data_seed"":2025,""initialization_seed"":2026,""iterations"":10000,""matrix_shape"":[30,30],""max_queries"":10000,""objective_noise"":0.0,""optimizer_seed"":2027,""recovery_parameters"":{}}",0.46415970753878355,
objective_vs_queries,adjoint_sensing_operator,singular_value_sum,22,2816,128,201.9323272705078,41.978675842285156,79,2027,success,"{""base_optimizer_parameters"":{""linesearch"":true,""sampling_dist"":""gaussian"",""sampling_scheme"":""full-rank"",""samps_per_iter"":128,""step_size"":0.03,""target_rank"":3},""data_seed"":2025,""initialization_seed"":2026,""iterations"":10000,""matrix_shape"":[30,30],""max_queries"":10000,""objective_noise"":0.0,""optimizer_seed"":2027,""recovery_parameters"":{}}",0.46415970753878355,
objective_vs_queries,adjoint_sensing_operator,singular_value_sum,23,2944,128,199.48965454101562,41.978675842285156,79,2027,success,"{""base_optimizer_parameters"":{""linesearch"":true,""sampling_dist"":""gaussian"",""sampling_scheme"":""full-rank"",""samps_per_iter"":128,""step_size"":0.03,""target_rank"":3},""data_seed"":2025,""initialization_seed"":2026,""iterations"":10000,""matrix_shape"":[30,30],""max_queries"":10000,""objective_noise"":0.0,""optimizer_seed"":2027,""recovery_parameters"":{}}",0.46415970753878355,
objective_vs_queries,adjoint_sensing_operator,singular_value_sum,24,3072,128,192.4624481201172,41.978675842285156,79,2027,success,"{""base_optimizer_parameters"":{""linesearch"":true,""sampling_dist"":""gaussian"",""sampling_scheme"":""full-rank"",""samps_per_iter"":128,""step_size"":0.03,""target_rank"":3},""data_seed"":2025,""initialization_seed"":2026,""iterations"":10000,""matrix_shape"":[30,30],""max_queries"":10000,""objective_noise"":0.0,""optimizer_seed"":2027,""recovery_parameters"":{}}",0.46415970753878355,
objective_vs_queries,adjoint_sensing_operator,singular_value_sum,25,3200,128,188.745849609375,41.978675842285156,79,2027,success,"{""base_optimizer_parameters"":{""linesearch"":true,""sampling_dist"":""gaussian"",""sampling_scheme"":""full-rank"",""samps_per_iter"":128,""step_size"":0.03,""target_rank"":3},""data_seed"":2025,""initialization_seed"":2026,""iterations"":10000,""matrix_shape"":[30,30],""max_queries"":10000,""objective_noise"":0.0,""optimizer_seed"":2027,""recovery_parameters"":{}}",0.46415970753878355,
objective_vs_queries,adjoint_sensing_operator,singular_value_sum,26,3328,128,181.06309509277344,41.978675842285156,79,2027,success,"{""base_optimizer_parameters"":{""linesearch"":true,""sampling_dist"":""gaussian"",""sampling_scheme"":""full-rank"",""samps_per_iter"":128,""step_size"":0.03,""target_rank"":3},""data_seed"":2025,""initialization_seed"":2026,""iterations"":10000,""matrix_shape"":[30,30],""max_queries"":10000,""objective_noise"":0.0,""optimizer_seed"":2027,""recovery_parameters"":{}}",0.46415970753878355,
objective_vs_queries,adjoint_sensing_operator,singular_value_sum,27,3456,128,176.0226593017578,41.978675842285156,79,2027,success,"{""base_optimizer_parameters"":{""linesearch"":true,""sampling_dist"":""gaussian"",""sampling_scheme"":""full-rank"",""samps_per_iter"":128,""step_size"":0.03,""target_rank"":3},""data_seed"":2025,""initialization_seed"":2026,""iterations"":10000,""matrix_shape"":[30,30],""max_queries"":10000,""objective_noise"":0.0,""optimizer_seed"":2027,""recovery_parameters"":{}}",0.46415970753878355,
objective_vs_queries,adjoint_sensing_operator,singular_value_sum,28,3584,128,173.81240844726562,41.978675842285156,79,2027,success,"{""base_optimizer_parameters"":{""linesearch"":true,""sampling_dist"":""gaussian"",""sampling_scheme"":""full-rank"",""samps_per_iter"":128,""step_size"":0.03,""target_rank"":3},""data_seed"":2025,""initialization_seed"":2026,""iterations"":10000,""matrix_shape"":[30,30],""max_queries"":10000,""objective_noise"":0.0,""optimizer_seed"":2027,""recovery_parameters"":{}}",0.46415970753878355,
objective_vs_queries,adjoint_sensing_operator,singular_value_sum,29,3712,128,167.32968139648438,41.978675842285156,79,2027,success,"{""base_optimizer_parameters"":{""linesearch"":true,""sampling_dist"":""gaussian"",""sampling_scheme"":""full-rank"",""samps_per_iter"":128,""step_size"":0.03,""target_rank"":3},""data_seed"":2025,""initialization_seed"":2026,""iterations"":10000,""matrix_shape"":[30,30],""max_queries"":10000,""objective_noise"":0.0,""optimizer_seed"":2027,""recovery_parameters"":{}}",0.46415970753878355,
objective_vs_queries,adjoint_sensing_operator,singular_value_sum,30,3840,128,156.17440795898438,41.978675842285156,79,2027,success,"{""base_optimizer_parameters"":{""linesearch"":true,""sampling_dist"":""gaussian"",""sampling_scheme"":""full-rank"",""samps_per_iter"":128,""step_size"":0.03,""target_rank"":3},""data_seed"":2025,""initialization_seed"":2026,""iterations"":10000,""matrix_shape"":[30,30],""max_queries"":10000,""objective_noise"":0.0,""optimizer_seed"":2027,""recovery_parameters"":{}}",0.46415970753878355,
objective_vs_queries,adjoint_sensing_operator,singular_value_sum,31,3968,128,154.40371704101562,41.978675842285156,79,2027,success,"{""base_optimizer_parameters"":{""linesearch"":true,""sampling_dist"":""gaussian"",""sampling_scheme"":""full-rank"",""samps_per_iter"":128,""step_size"":0.03,""target_rank"":3},""data_seed"":2025,""initialization_seed"":2026,""iterations"":10000,""matrix_shape"":[30,30],""max_queries"":10000,""objective_noise"":0.0,""optimizer_seed"":2027,""recovery_parameters"":{}}",0.46415970753878355,
objective_vs_queries,adjoint_sensing_operator,singular_value_sum,32,4096,128,151.0037384033203,41.978675842285156,79,2027,success,"{""base_optimizer_parameters"":{""linesearch"":true,""sampling_dist"":""gaussian"",""sampling_scheme"":""full-rank"",""samps_per_iter"":128,""step_size"":0.03,""target_rank"":3},""data_seed"":2025,""initialization_seed"":2026,""iterations"":10000,""matrix_shape"":[30,30],""max_queries"":10000,""objective_noise"":0.0,""optimizer_seed"":2027,""recovery_parameters"":{}}",0.46415970753878355,
objective_vs_queries,adjoint_sensing_operator,singular_value_sum,33,4224,128,144.3407745361328,41.978675842285156,79,2027,success,"{""base_optimizer_parameters"":{""linesearch"":true,""sampling_dist"":""gaussian"",""sampling_scheme"":""full-rank"",""samps_per_iter"":128,""step_size"":0.03,""target_rank"":3},""data_seed"":2025,""initialization_seed"":2026,""iterations"":10000,""matrix_shape"":[30,30],""max_queries"":10000,""objective_noise"":0.0,""optimizer_seed"":2027,""recovery_parameters"":{}}",0.46415970753878355,
objective_vs_queries,adjoint_sensing_operator,singular_value_sum,34,4352,128,137.8926544189453,41.978675842285156,79,2027,success,"{""base_optimizer_parameters"":{""linesearch"":true,""sampling_dist"":""gaussian"",""sampling_scheme"":""full-rank"",""samps_per_iter"":128,""step_size"":0.03,""target_rank"":3},""data_seed"":2025,""initialization_seed"":2026,""iterations"":10000,""matrix_shape"":[30,30],""max_queries"":10000,""objective_noise"":0.0,""optimizer_seed"":2027,""recovery_parameters"":{}}",0.46415970753878355,
objective_vs_queries,adjoint_sensing_operator,singular_value_sum,35,4480,128,135.05369567871094,41.978675842285156,79,2027,success,"{""base_optimizer_parameters"":{""linesearch"":true,""sampling_dist"":""gaussian"",""sampling_scheme"":""full-rank"",""samps_per_iter"":128,""step_size"":0.03,""target_rank"":3},""data_seed"":2025,""initialization_seed"":2026,""iterations"":10000,""matrix_shape"":[30,30],""max_queries"":10000,""objective_noise"":0.0,""optimizer_seed"":2027,""recovery_parameters"":{}}",0.46415970753878355,
objective_vs_queries,adjoint_sensing_operator,singular_value_sum,36,4608,128,127.14910888671875,41.978675842285156,79,2027,success,"{""base_optimizer_parameters"":{""linesearch"":true,""sampling_dist"":""gaussian"",""sampling_scheme"":""full-rank"",""samps_per_iter"":128,""step_size"":0.03,""target_rank"":3},""data_seed"":2025,""initialization_seed"":2026,""iterations"":10000,""matrix_shape"":[30,30],""max_queries"":10000,""objective_noise"":0.0,""optimizer_seed"":2027,""recovery_parameters"":{}}",0.46415970753878355,
objective_vs_queries,adjoint_sensing_operator,singular_value_sum,37,4736,128,126.60997772216797,41.978675842285156,79,2027,success,"{""base_optimizer_parameters"":{""linesearch"":true,""sampling_dist"":""gaussian"",""sampling_scheme"":""full-rank"",""samps_per_iter"":128,""step_size"":0.03,""target_rank"":3},""data_seed"":2025,""initialization_seed"":2026,""iterations"":10000,""matrix_shape"":[30,30],""max_queries"":10000,""objective_noise"":0.0,""optimizer_seed"":2027,""recovery_parameters"":{}}",0.46415970753878355,
objective_vs_queries,adjoint_sensing_operator,singular_value_sum,38,4864,128,121.20404052734375,41.978675842285156,79,2027,success,"{""base_optimizer_parameters"":{""linesearch"":true,""sampling_dist"":""gaussian"",""sampling_scheme"":""full-rank"",""samps_per_iter"":128,""step_size"":0.03,""target_rank"":3},""data_seed"":2025,""initialization_seed"":2026,""iterations"":10000,""matrix_shape"":[30,30],""max_queries"":10000,""objective_noise"":0.0,""optimizer_seed"":2027,""recovery_parameters"":{}}",0.46415970753878355,
objective_vs_queries,adjoint_sensing_operator,singular_value_sum,39,4992,128,119.97989654541016,41.978675842285156,79,2027,success,"{""base_optimizer_parameters"":{""linesearch"":true,""sampling_dist"":""gaussian"",""sampling_scheme"":""full-rank"",""samps_per_iter"":128,""step_size"":0.03,""target_rank"":3},""data_seed"":2025,""initialization_seed"":2026,""iterations"":10000,""matrix_shape"":[30,30],""max_queries"":10000,""objective_noise"":0.0,""optimizer_seed"":2027,""recovery_parameters"":{}}",0.46415970753878355,
objective_vs_queries,adjoint_sensing_operator,singular_value_sum,40,5120,128,116.9677734375,41.978675842285156,79,2027,success,"{""base_optimizer_parameters"":{""linesearch"":true,""sampling_dist"":""gaussian"",""sampling_scheme"":""full-rank"",""samps_per_iter"":128,""step_size"":0.03,""target_rank"":3},""data_seed"":2025,""initialization_seed"":2026,""iterations"":10000,""matrix_shape"":[30,30],""max_queries"":10000,""objective_noise"":0.0,""optimizer_seed"":2027,""recovery_parameters"":{}}",0.46415970753878355,
objective_vs_queries,adjoint_sensing_operator,singular_value_sum,41,5248,128,114.47552490234375,41.978675842285156,79,2027,success,"{""base_optimizer_parameters"":{""linesearch"":true,""sampling_dist"":""gaussian"",""sampling_scheme"":""full-rank"",""samps_per_iter"":128,""step_size"":0.03,""target_rank"":3},""data_seed"":2025,""initialization_seed"":2026,""iterations"":10000,""matrix_shape"":[30,30],""max_queries"":10000,""objective_noise"":0.0,""optimizer_seed"":2027,""recovery_parameters"":{}}",0.46415970753878355,
objective_vs_queries,adjoint_sensing_operator,singular_value_sum,42,5376,128,109.95173645019531,41.978675842285156,79,2027,success,"{""base_optimizer_parameters"":{""linesearch"":true,""sampling_dist"":""gaussian"",""sampling_scheme"":""full-rank"",""samps_per_iter"":128,""step_size"":0.03,""target_rank"":3},""data_seed"":2025,""initialization_seed"":2026,""iterations"":10000,""matrix_shape"":[30,30],""max_queries"":10000,""objective_noise"":0.0,""optimizer_seed"":2027,""recovery_parameters"":{}}",0.46415970753878355,
objective_vs_queries,adjoint_sensing_operator,singular_value_sum,43,5504,128,105.82161712646484,41.978675842285156,79,2027,success,"{""base_optimizer_parameters"":{""linesearch"":true,""sampling_dist"":""gaussian"",""sampling_scheme"":""full-rank"",""samps_per_iter"":128,""step_size"":0.03,""target_rank"":3},""data_seed"":2025,""initialization_seed"":2026,""iterations"":10000,""matrix_shape"":[30,30],""max_queries"":10000,""objective_noise"":0.0,""optimizer_seed"":2027,""recovery_parameters"":{}}",0.46415970753878355,
objective_vs_queries,adjoint_sensing_operator,singular_value_sum,44,5632,128,103.44428253173828,41.978675842285156,79,2027,success,"{""base_optimizer_parameters"":{""linesearch"":true,""sampling_dist"":""gaussian"",""sampling_scheme"":""full-rank"",""samps_per_iter"":128,""step_size"":0.03,""target_rank"":3},""data_seed"":2025,""initialization_seed"":2026,""iterations"":10000,""matrix_shape"":[30,30],""max_queries"":10000,""objective_noise"":0.0,""optimizer_seed"":2027,""recovery_parameters"":{}}",0.46415970753878355,
objective_vs_queries,adjoint_sensing_operator,singular_value_sum,45,5760,128,99.82038116455078,41.978675842285156,79,2027,success,"{""base_optimizer_parameters"":{""linesearch"":true,""sampling_dist"":""gaussian"",""sampling_scheme"":""full-rank"",""samps_per_iter"":128,""step_size"":0.03,""target_rank"":3},""data_seed"":2025,""initialization_seed"":2026,""iterations"":10000,""matrix_shape"":[30,30],""max_queries"":10000,""objective_noise"":0.0,""optimizer_seed"":2027,""recovery_parameters"":{}}",0.46415970753878355,
objective_vs_queries,adjoint_sensing_operator,singular_value_sum,46,5888,128,98.25504302978516,41.978675842285156,79,2027,success,"{""base_optimizer_parameters"":{""linesearch"":true,""sampling_dist"":""gaussian"",""sampling_scheme"":""full-rank"",""samps_per_iter"":128,""step_size"":0.03,""target_rank"":3},""data_seed"":2025,""initialization_seed"":2026,""iterations"":10000,""matrix_shape"":[30,30],""max_queries"":10000,""objective_noise"":0.0,""optimizer_seed"":2027,""recovery_parameters"":{}}",0.46415970753878355,
objective_vs_queries,adjoint_sensing_operator,singular_value_sum,47,6016,128,96.78237915039062,41.978675842285156,79,2027,success,"{""base_optimizer_parameters"":{""linesearch"":true,""sampling_dist"":""gaussian"",""sampling_scheme"":""full-rank"",""samps_per_iter"":128,""step_size"":0.03,""target_rank"":3},""data_seed"":2025,""initialization_seed"":2026,""iterations"":10000,""matrix_shape"":[30,30],""max_queries"":10000,""objective_noise"":0.0,""optimizer_seed"":2027,""recovery_parameters"":{}}",0.46415970753878355,
objective_vs_queries,adjoint_sensing_operator,singular_value_sum,48,6144,128,92.54113006591797,41.978675842285156,79,2027,success,"{""base_optimizer_parameters"":{""linesearch"":true,""sampling_dist"":""gaussian"",""sampling_scheme"":""full-rank"",""samps_per_iter"":128,""step_size"":0.03,""target_rank"":3},""data_seed"":2025,""initialization_seed"":2026,""iterations"":10000,""matrix_shape"":[30,30],""max_queries"":10000,""objective_noise"":0.0,""optimizer_seed"":2027,""recovery_parameters"":{}}",0.46415970753878355,
objective_vs_queries,adjoint_sensing_operator,singular_value_sum,49,6272,128,91.78868103027344,41.978675842285156,79,2027,success,"{""base_optimizer_parameters"":{""linesearch"":true,""sampling_dist"":""gaussian"",""sampling_scheme"":""full-rank"",""samps_per_iter"":128,""step_size"":0.03,""target_rank"":3},""data_seed"":2025,""initialization_seed"":2026,""iterations"":10000,""matrix_shape"":[30,30],""max_queries"":10000,""objective_noise"":0.0,""optimizer_seed"":2027,""recovery_parameters"":{}}",0.46415970753878355,
objective_vs_queries,adjoint_sensing_operator,singular_value_sum,50,6400,128,88.80911254882812,41.978675842285156,79,2027,success,"{""base_optimizer_parameters"":{""linesearch"":true,""sampling_dist"":""gaussian"",""sampling_scheme"":""full-rank"",""samps_per_iter"":128,""step_size"":0.03,""target_rank"":3},""data_seed"":2025,""initialization_seed"":2026,""iterations"":10000,""matrix_shape"":[30,30],""max_queries"":10000,""objective_noise"":0.0,""optimizer_seed"":2027,""recovery_parameters"":{}}",0.46415970753878355,
objective_vs_queries,adjoint_sensing_operator,singular_value_sum,51,6528,128,88.49068450927734,41.978675842285156,79,2027,success,"{""base_optimizer_parameters"":{""linesearch"":true,""sampling_dist"":""gaussian"",""sampling_scheme"":""full-rank"",""samps_per_iter"":128,""step_size"":0.03,""target_rank"":3},""data_seed"":2025,""initialization_seed"":2026,""iterations"":10000,""matrix_shape"":[30,30],""max_queries"":10000,""objective_noise"":0.0,""optimizer_seed"":2027,""recovery_parameters"":{}}",0.46415970753878355,
objective_vs_queries,adjoint_sensing_operator,singular_value_sum,52,6656,128,86.68043518066406,41.978675842285156,79,2027,success,"{""base_optimizer_parameters"":{""linesearch"":true,""sampling_dist"":""gaussian"",""sampling_scheme"":""full-rank"",""samps_per_iter"":128,""step_size"":0.03,""target_rank"":3},""data_seed"":2025,""initialization_seed"":2026,""iterations"":10000,""matrix_shape"":[30,30],""max_queries"":10000,""objective_noise"":0.0,""optimizer_seed"":2027,""recovery_parameters"":{}}",0.46415970753878355,
objective_vs_queries,adjoint_sensing_operator,singular_value_sum,53,6784,128,84.53990936279297,41.978675842285156,79,2027,success,"{""base_optimizer_parameters"":{""linesearch"":true,""sampling_dist"":""gaussian"",""sampling_scheme"":""full-rank"",""samps_per_iter"":128,""step_size"":0.03,""target_rank"":3},""data_seed"":2025,""initialization_seed"":2026,""iterations"":10000,""matrix_shape"":[30,30],""max_queries"":10000,""objective_noise"":0.0,""optimizer_seed"":2027,""recovery_parameters"":{}}",0.46415970753878355,
objective_vs_queries,adjoint_sensing_operator,singular_value_sum,54,6912,128,81.3970718383789,41.978675842285156,79,2027,success,"{""base_optimizer_parameters"":{""linesearch"":true,""sampling_dist"":""gaussian"",""sampling_scheme"":""full-rank"",""samps_per_iter"":128,""step_size"":0.03,""target_rank"":3},""data_seed"":2025,""initialization_seed"":2026,""iterations"":10000,""matrix_shape"":[30,30],""max_queries"":10000,""objective_noise"":0.0,""optimizer_seed"":2027,""recovery_parameters"":{}}",0.46415970753878355,
objective_vs_queries,adjoint_sensing_operator,singular_value_sum,55,7040,128,78.22183990478516,41.978675842285156,79,2027,success,"{""base_optimizer_parameters"":{""linesearch"":true,""sampling_dist"":""gaussian"",""sampling_scheme"":""full-rank"",""samps_per_iter"":128,""step_size"":0.03,""target_rank"":3},""data_seed"":2025,""initialization_seed"":2026,""iterations"":10000,""matrix_shape"":[30,30],""max_queries"":10000,""objective_noise"":0.0,""optimizer_seed"":2027,""recovery_parameters"":{}}",0.46415970753878355,
objective_vs_queries,adjoint_sensing_operator,singular_value_sum,56,7168,128,75.08878326416016,41.978675842285156,79,2027,success,"{""base_optimizer_parameters"":{""linesearch"":true,""sampling_dist"":""gaussian"",""sampling_scheme"":""full-rank"",""samps_per_iter"":128,""step_size"":0.03,""target_rank"":3},""data_seed"":2025,""initialization_seed"":2026,""iterations"":10000,""matrix_shape"":[30,30],""max_queries"":10000,""objective_noise"":0.0,""optimizer_seed"":2027,""recovery_parameters"":{}}",0.46415970753878355,
objective_vs_queries,adjoint_sensing_operator,singular_value_sum,57,7296,128,74.62222290039062,41.978675842285156,79,2027,success,"{""base_optimizer_parameters"":{""linesearch"":true,""sampling_dist"":""gaussian"",""sampling_scheme"":""full-rank"",""samps_per_iter"":128,""step_size"":0.03,""target_rank"":3},""data_seed"":2025,""initialization_seed"":2026,""iterations"":10000,""matrix_shape"":[30,30],""max_queries"":10000,""objective_noise"":0.0,""optimizer_seed"":2027,""recovery_parameters"":{}}",0.46415970753878355,
objective_vs_queries,adjoint_sensing_operator,singular_value_sum,58,7424,128,72.36768341064453,41.978675842285156,79,2027,success,"{""base_optimizer_parameters"":{""linesearch"":true,""sampling_dist"":""gaussian"",""sampling_scheme"":""full-rank"",""samps_per_iter"":128,""step_size"":0.03,""target_rank"":3},""data_seed"":2025,""initialization_seed"":2026,""iterations"":10000,""matrix_shape"":[30,30],""max_queries"":10000,""objective_noise"":0.0,""optimizer_seed"":2027,""recovery_parameters"":{}}",0.46415970753878355,
objective_vs_queries,adjoint_sensing_operator,singular_value_sum,59,7552,128,69.37030029296875,41.978675842285156,79,2027,success,"{""base_optimizer_parameters"":{""linesearch"":true,""sampling_dist"":""gaussian"",""sampling_scheme"":""full-rank"",""samps_per_iter"":128,""step_size"":0.03,""target_rank"":3},""data_seed"":2025,""initialization_seed"":2026,""iterations"":10000,""matrix_shape"":[30,30],""max_queries"":10000,""objective_noise"":0.0,""optimizer_seed"":2027,""recovery_parameters"":{}}",0.46415970753878355,
objective_vs_queries,adjoint_sensing_operator,singular_value_sum,60,7680,128,67.70599365234375,41.978675842285156,79,2027,success,"{""base_optimizer_parameters"":{""linesearch"":true,""sampling_dist"":""gaussian"",""sampling_scheme"":""full-rank"",""samps_per_iter"":128,""step_size"":0.03,""target_rank"":3},""data_seed"":2025,""initialization_seed"":2026,""iterations"":10000,""matrix_shape"":[30,30],""max_queries"":10000,""objective_noise"":0.0,""optimizer_seed"":2027,""recovery_parameters"":{}}",0.46415970753878355,
objective_vs_queries,adjoint_sensing_operator,singular_value_sum,61,7808,128,67.139404296875,41.978675842285156,79,2027,success,"{""base_optimizer_parameters"":{""linesearch"":true,""sampling_dist"":""gaussian"",""sampling_scheme"":""full-rank"",""samps_per_iter"":128,""step_size"":0.03,""target_rank"":3},""data_seed"":2025,""initialization_seed"":2026,""iterations"":10000,""matrix_shape"":[30,30],""max_queries"":10000,""objective_noise"":0.0,""optimizer_seed"":2027,""recovery_parameters"":{}}",0.46415970753878355,
objective_vs_queries,adjoint_sensing_operator,singular_value_sum,62,7936,128,64.65608978271484,41.978675842285156,79,2027,success,"{""base_optimizer_parameters"":{""linesearch"":true,""sampling_dist"":""gaussian"",""sampling_scheme"":""full-rank"",""samps_per_iter"":128,""step_size"":0.03,""target_rank"":3},""data_seed"":2025,""initialization_seed"":2026,""iterations"":10000,""matrix_shape"":[30,30],""max_queries"":10000,""objective_noise"":0.0,""optimizer_seed"":2027,""recovery_parameters"":{}}",0.46415970753878355,
objective_vs_queries,adjoint_sensing_operator,singular_value_sum,63,8064,128,63.06074905395508,41.978675842285156,79,2027,success,"{""base_optimizer_parameters"":{""linesearch"":true,""sampling_dist"":""gaussian"",""sampling_scheme"":""full-rank"",""samps_per_iter"":128,""step_size"":0.03,""target_rank"":3},""data_seed"":2025,""initialization_seed"":2026,""iterations"":10000,""matrix_shape"":[30,30],""max_queries"":10000,""objective_noise"":0.0,""optimizer_seed"":2027,""recovery_parameters"":{}}",0.46415970753878355,
objective_vs_queries,adjoint_sensing_operator,singular_value_sum,64,8192,128,60.67777633666992,41.978675842285156,79,2027,success,"{""base_optimizer_parameters"":{""linesearch"":true,""sampling_dist"":""gaussian"",""sampling_scheme"":""full-rank"",""samps_per_iter"":128,""step_size"":0.03,""target_rank"":3},""data_seed"":2025,""initialization_seed"":2026,""iterations"":10000,""matrix_shape"":[30,30],""max_queries"":10000,""objective_noise"":0.0,""optimizer_seed"":2027,""recovery_parameters"":{}}",0.46415970753878355,
objective_vs_queries,adjoint_sensing_operator,singular_value_sum,65,8320,128,59.004661560058594,41.978675842285156,79,2027,success,"{""base_optimizer_parameters"":{""linesearch"":true,""sampling_dist"":""gaussian"",""sampling_scheme"":""full-rank"",""samps_per_iter"":128,""step_size"":0.03,""target_rank"":3},""data_seed"":2025,""initialization_seed"":2026,""iterations"":10000,""matrix_shape"":[30,30],""max_queries"":10000,""objective_noise"":0.0,""optimizer_seed"":2027,""recovery_parameters"":{}}",0.46415970753878355,
objective_vs_queries,adjoint_sensing_operator,singular_value_sum,66,8448,128,58.859867095947266,41.978675842285156,79,2027,success,"{""base_optimizer_parameters"":{""linesearch"":true,""sampling_dist"":""gaussian"",""sampling_scheme"":""full-rank"",""samps_per_iter"":128,""step_size"":0.03,""target_rank"":3},""data_seed"":2025,""initialization_seed"":2026,""iterations"":10000,""matrix_shape"":[30,30],""max_queries"":10000,""objective_noise"":0.0,""optimizer_seed"":2027,""recovery_parameters"":{}}",0.46415970753878355,
objective_vs_queries,adjoint_sensing_operator,singular_value_sum,67,8576,128,57.60264587402344,41.978675842285156,79,2027,success,"{""base_optimizer_parameters"":{""linesearch"":true,""sampling_dist"":""gaussian"",""sampling_scheme"":""full-rank"",""samps_per_iter"":128,""step_size"":0.03,""target_rank"":3},""data_seed"":2025,""initialization_seed"":2026,""iterations"":10000,""matrix_shape"":[30,30],""max_queries"":10000,""objective_noise"":0.0,""optimizer_seed"":2027,""recovery_parameters"":{}}",0.46415970753878355,
objective_vs_queries,adjoint_sensing_operator,singular_value_sum,68,8704,128,56.2739143371582,41.978675842285156,79,2027,success,"{""base_optimizer_parameters"":{""linesearch"":true,""sampling_dist"":""gaussian"",""sampling_scheme"":""full-rank"",""samps_per_iter"":128,""step_size"":0.03,""target_rank"":3},""data_seed"":2025,""initialization_seed"":2026,""iterations"":10000,""matrix_shape"":[30,30],""max_queries"":10000,""objective_noise"":0.0,""optimizer_seed"":2027,""recovery_parameters"":{}}",0.46415970753878355,
objective_vs_queries,adjoint_sensing_operator,singular_value_sum,69,8832,128,55.069278717041016,41.978675842285156,79,2027,success,"{""base_optimizer_parameters"":{""linesearch"":true,""sampling_dist"":""gaussian"",""sampling_scheme"":""full-rank"",""samps_per_iter"":128,""step_size"":0.03,""target_rank"":3},""data_seed"":2025,""initialization_seed"":2026,""iterations"":10000,""matrix_shape"":[30,30],""max_queries"":10000,""objective_noise"":0.0,""optimizer_seed"":2027,""recovery_parameters"":{}}",0.46415970753878355,
objective_vs_queries,adjoint_sensing_operator,singular_value_sum,70,8960,128,54.210052490234375,41.978675842285156,79,2027,success,"{""base_optimizer_parameters"":{""linesearch"":true,""sampling_dist"":""gaussian"",""sampling_scheme"":""full-rank"",""samps_per_iter"":128,""step_size"":0.03,""target_rank"":3},""data_seed"":2025,""initialization_seed"":2026,""iterations"":10000,""matrix_shape"":[30,30],""max_queries"":10000,""objective_noise"":0.0,""optimizer_seed"":2027,""recovery_parameters"":{}}",0.46415970753878355,
objective_vs_queries,adjoint_sensing_operator,singular_value_sum,71,9088,128,53.06149673461914,41.978675842285156,79,2027,success,"{""base_optimizer_parameters"":{""linesearch"":true,""sampling_dist"":""gaussian"",""sampling_scheme"":""full-rank"",""samps_per_iter"":128,""step_size"":0.03,""target_rank"":3},""data_seed"":2025,""initialization_seed"":2026,""iterations"":10000,""matrix_shape"":[30,30],""max_queries"":10000,""objective_noise"":0.0,""optimizer_seed"":2027,""recovery_parameters"":{}}",0.46415970753878355,
objective_vs_queries,adjoint_sensing_operator,singular_value_sum,72,9216,128,51.62303924560547,41.978675842285156,79,2027,success,"{""base_optimizer_parameters"":{""linesearch"":true,""sampling_dist"":""gaussian"",""sampling_scheme"":""full-rank"",""samps_per_iter"":128,""step_size"":0.03,""target_rank"":3},""data_seed"":2025,""initialization_seed"":2026,""iterations"":10000,""matrix_shape"":[30,30],""max_queries"":10000,""objective_noise"":0.0,""optimizer_seed"":2027,""recovery_parameters"":{}}",0.46415970753878355,
objective_vs_queries,adjoint_sensing_operator,singular_value_sum,73,9344,128,50.73060989379883,41.978675842285156,79,2027,success,"{""base_optimizer_parameters"":{""linesearch"":true,""sampling_dist"":""gaussian"",""sampling_scheme"":""full-rank"",""samps_per_iter"":128,""step_size"":0.03,""target_rank"":3},""data_seed"":2025,""initialization_seed"":2026,""iterations"":10000,""matrix_shape"":[30,30],""max_queries"":10000,""objective_noise"":0.0,""optimizer_seed"":2027,""recovery_parameters"":{}}",0.46415970753878355,
objective_vs_queries,adjoint_sensing_operator,singular_value_sum,74,9472,128,48.6798095703125,41.978675842285156,79,2027,success,"{""base_optimizer_parameters"":{""linesearch"":true,""sampling_dist"":""gaussian"",""sampling_scheme"":""full-rank"",""samps_per_iter"":128,""step_size"":0.03,""target_rank"":3},""data_seed"":2025,""initialization_seed"":2026,""iterations"":10000,""matrix_shape"":[30,30],""max_queries"":10000,""objective_noise"":0.0,""optimizer_seed"":2027,""recovery_parameters"":{}}",0.46415970753878355,
objective_vs_queries,adjoint_sensing_operator,singular_value_sum,75,9600,128,46.817291259765625,41.978675842285156,79,2027,success,"{""base_optimizer_parameters"":{""linesearch"":true,""sampling_dist"":""gaussian"",""sampling_scheme"":""full-rank"",""samps_per_iter"":128,""step_size"":0.03,""target_rank"":3},""data_seed"":2025,""initialization_seed"":2026,""iterations"":10000,""matrix_shape"":[30,30],""max_queries"":10000,""objective_noise"":0.0,""optimizer_seed"":2027,""recovery_parameters"":{}}",0.46415970753878355,
objective_vs_queries,adjoint_sensing_operator,singular_value_sum,76,9728,128,46.45842361450195,41.978675842285156,79,2027,success,"{""base_optimizer_parameters"":{""linesearch"":true,""sampling_dist"":""gaussian"",""sampling_scheme"":""full-rank"",""samps_per_iter"":128,""step_size"":0.03,""target_rank"":3},""data_seed"":2025,""initialization_seed"":2026,""iterations"":10000,""matrix_shape"":[30,30],""max_queries"":10000,""objective_noise"":0.0,""optimizer_seed"":2027,""recovery_parameters"":{}}",0.46415970753878355,
objective_vs_queries,adjoint_sensing_operator,singular_value_sum,77,9856,128,44.961219787597656,41.978675842285156,79,2027,success,"{""base_optimizer_parameters"":{""linesearch"":true,""sampling_dist"":""gaussian"",""sampling_scheme"":""full-rank"",""samps_per_iter"":128,""step_size"":0.03,""target_rank"":3},""data_seed"":2025,""initialization_seed"":2026,""iterations"":10000,""matrix_shape"":[30,30],""max_queries"":10000,""objective_noise"":0.0,""optimizer_seed"":2027,""recovery_parameters"":{}}",0.46415970753878355,
objective_vs_queries,adjoint_sensing_operator,singular_value_sum,78,9984,128,43.28236770629883,41.978675842285156,79,2027,success,"{""base_optimizer_parameters"":{""linesearch"":true,""sampling_dist"":""gaussian"",""sampling_scheme"":""full-rank"",""samps_per_iter"":128,""step_size"":0.03,""target_rank"":3},""data_seed"":2025,""initialization_seed"":2026,""iterations"":10000,""matrix_shape"":[30,30],""max_queries"":10000,""objective_noise"":0.0,""optimizer_seed"":2027,""recovery_parameters"":{}}",0.46415970753878355,
objective_vs_queries,adjoint_sensing_operator,singular_value_sum,79,10112,128,41.978675842285156,41.978675842285156,79,2027,success,"{""base_optimizer_parameters"":{""linesearch"":true,""sampling_dist"":""gaussian"",""sampling_scheme"":""full-rank"",""samps_per_iter"":128,""step_size"":0.03,""target_rank"":3},""data_seed"":2025,""initialization_seed"":2026,""iterations"":10000,""matrix_shape"":[30,30],""max_queries"":10000,""objective_noise"":0.0,""optimizer_seed"":2027,""recovery_parameters"":{}}",0.46415970753878355,
objective_vs_queries,pseudoinverse,ky_fan_regression,0,0,512,38.678131103515625,24.433429718017578,20,2027,success,"{""base_optimizer_parameters"":{""linesearch"":true,""sampling_dist"":""gaussian"",""sampling_scheme"":""full-rank"",""samps_per_iter"":512,""step_size"":0.03,""target_rank"":3},""data_seed"":2025,""initialization_seed"":2026,""iterations"":10000,""matrix_shape"":[30,30],""max_queries"":10000,""objective_noise"":0.0,""optimizer_seed"":2027,""recovery_parameters"":{""iters"":10}}",1.1622662907466292,
objective_vs_queries,pseudoinverse,ky_fan_regression,1,512,512,36.97269058227539,24.433429718017578,20,2027,success,"{""base_optimizer_parameters"":{""linesearch"":true,""sampling_dist"":""gaussian"",""sampling_scheme"":""full-rank"",""samps_per_iter"":512,""step_size"":0.03,""target_rank"":3},""data_seed"":2025,""initialization_seed"":2026,""iterations"":10000,""matrix_shape"":[30,30],""max_queries"":10000,""objective_noise"":0.0,""optimizer_seed"":2027,""recovery_parameters"":{""iters"":10}}",1.1622662907466292,
objective_vs_queries,pseudoinverse,ky_fan_regression,2,1024,512,35.53081130981445,24.433429718017578,20,2027,success,"{""base_optimizer_parameters"":{""linesearch"":true,""sampling_dist"":""gaussian"",""sampling_scheme"":""full-rank"",""samps_per_iter"":512,""step_size"":0.03,""target_rank"":3},""data_seed"":2025,""initialization_seed"":2026,""iterations"":10000,""matrix_shape"":[30,30],""max_queries"":10000,""objective_noise"":0.0,""optimizer_seed"":2027,""recovery_parameters"":{""iters"":10}}",1.1622662907466292,
objective_vs_queries,pseudoinverse,ky_fan_regression,3,1536,512,34.455379486083984,24.433429718017578,20,2027,success,"{""base_optimizer_parameters"":{""linesearch"":true,""sampling_dist"":""gaussian"",""sampling_scheme"":""full-rank"",""samps_per_iter"":512,""step_size"":0.03,""target_rank"":3},""data_seed"":2025,""initialization_seed"":2026,""iterations"":10000,""matrix_shape"":[30,30],""max_queries"":10000,""objective_noise"":0.0,""optimizer_seed"":2027,""recovery_parameters"":{""iters"":10}}",1.1622662907466292,
objective_vs_queries,pseudoinverse,ky_fan_regression,4,2048,512,33.379608154296875,24.433429718017578,20,2027,success,"{""base_optimizer_parameters"":{""linesearch"":true,""sampling_dist"":""gaussian"",""sampling_scheme"":""full-rank"",""samps_per_iter"":512,""step_size"":0.03,""target_rank"":3},""data_seed"":2025,""initialization_seed"":2026,""iterations"":10000,""matrix_shape"":[30,30],""max_queries"":10000,""objective_noise"":0.0,""optimizer_seed"":2027,""recovery_parameters"":{""iters"":10}}",1.1622662907466292,
objective_vs_queries,pseudoinverse,ky_fan_regression,5,2560,512,32.46228790283203,24.433429718017578,20,2027,success,"{""base_optimizer_parameters"":{""linesearch"":true,""sampling_dist"":""gaussian"",""sampling_scheme"":""full-rank"",""samps_per_iter"":512,""step_size"":0.03,""target_rank"":3},""data_seed"":2025,""initialization_seed"":2026,""iterations"":10000,""matrix_shape"":[30,30],""max_queries"":10000,""objective_noise"":0.0,""optimizer_seed"":2027,""recovery_parameters"":{""iters"":10}}",1.1622662907466292,
objective_vs_queries,pseudoinverse,ky_fan_regression,6,3072,512,31.779491424560547,24.433429718017578,20,2027,success,"{""base_optimizer_parameters"":{""linesearch"":true,""sampling_dist"":""gaussian"",""sampling_scheme"":""full-rank"",""samps_per_iter"":512,""step_size"":0.03,""target_rank"":3},""data_seed"":2025,""initialization_seed"":2026,""iterations"":10000,""matrix_shape"":[30,30],""max_queries"":10000,""objective_noise"":0.0,""optimizer_seed"":2027,""recovery_parameters"":{""iters"":10}}",1.1622662907466292,
objective_vs_queries,pseudoinverse,ky_fan_regression,7,3584,512,31.21312713623047,24.433429718017578,20,2027,success,"{""base_optimizer_parameters"":{""linesearch"":true,""sampling_dist"":""gaussian"",""sampling_scheme"":""full-rank"",""samps_per_iter"":512,""step_size"":0.03,""target_rank"":3},""data_seed"":2025,""initialization_seed"":2026,""iterations"":10000,""matrix_shape"":[30,30],""max_queries"":10000,""objective_noise"":0.0,""optimizer_seed"":2027,""recovery_parameters"":{""iters"":10}}",1.1622662907466292,
objective_vs_queries,pseudoinverse,ky_fan_regression,8,4096,512,30.281246185302734,24.433429718017578,20,2027,success,"{""base_optimizer_parameters"":{""linesearch"":true,""sampling_dist"":""gaussian"",""sampling_scheme"":""full-rank"",""samps_per_iter"":512,""step_size"":0.03,""target_rank"":3},""data_seed"":2025,""initialization_seed"":2026,""iterations"":10000,""matrix_shape"":[30,30],""max_queries"":10000,""objective_noise"":0.0,""optimizer_seed"":2027,""recovery_parameters"":{""iters"":10}}",1.1622662907466292,
objective_vs_queries,pseudoinverse,ky_fan_regression,9,4608,512,29.719099044799805,24.433429718017578,20,2027,success,"{""base_optimizer_parameters"":{""linesearch"":true,""sampling_dist"":""gaussian"",""sampling_scheme"":""full-rank"",""samps_per_iter"":512,""step_size"":0.03,""target_rank"":3},""data_seed"":2025,""initialization_seed"":2026,""iterations"":10000,""matrix_shape"":[30,30],""max_queries"":10000,""objective_noise"":0.0,""optimizer_seed"":2027,""recovery_parameters"":{""iters"":10}}",1.1622662907466292,
objective_vs_queries,pseudoinverse,ky_fan_regression,10,5120,512,29.171764373779297,24.433429718017578,20,2027,success,"{""base_optimizer_parameters"":{""linesearch"":true,""sampling_dist"":""gaussian"",""sampling_scheme"":""full-rank"",""samps_per_iter"":512,""step_size"":0.03,""target_rank"":3},""data_seed"":2025,""initialization_seed"":2026,""iterations"":10000,""matrix_shape"":[30,30],""max_queries"":10000,""objective_noise"":0.0,""optimizer_seed"":2027,""recovery_parameters"":{""iters"":10}}",1.1622662907466292,
objective_vs_queries,pseudoinverse,ky_fan_regression,11,5632,512,28.599695205688477,24.433429718017578,20,2027,success,"{""base_optimizer_parameters"":{""linesearch"":true,""sampling_dist"":""gaussian"",""sampling_scheme"":""full-rank"",""samps_per_iter"":512,""step_size"":0.03,""target_rank"":3},""data_seed"":2025,""initialization_seed"":2026,""iterations"":10000,""matrix_shape"":[30,30],""max_queries"":10000,""objective_noise"":0.0,""optimizer_seed"":2027,""recovery_parameters"":{""iters"":10}}",1.1622662907466292,
objective_vs_queries,pseudoinverse,ky_fan_regression,12,6144,512,28.19601058959961,24.433429718017578,20,2027,success,"{""base_optimizer_parameters"":{""linesearch"":true,""sampling_dist"":""gaussian"",""sampling_scheme"":""full-rank"",""samps_per_iter"":512,""step_size"":0.03,""target_rank"":3},""data_seed"":2025,""initialization_seed"":2026,""iterations"":10000,""matrix_shape"":[30,30],""max_queries"":10000,""objective_noise"":0.0,""optimizer_seed"":2027,""recovery_parameters"":{""iters"":10}}",1.1622662907466292,
objective_vs_queries,pseudoinverse,ky_fan_regression,13,6656,512,27.503860473632812,24.433429718017578,20,2027,success,"{""base_optimizer_parameters"":{""linesearch"":true,""sampling_dist"":""gaussian"",""sampling_scheme"":""full-rank"",""samps_per_iter"":512,""step_size"":0.03,""target_rank"":3},""data_seed"":2025,""initialization_seed"":2026,""iterations"":10000,""matrix_shape"":[30,30],""max_queries"":10000,""objective_noise"":0.0,""optimizer_seed"":2027,""recovery_parameters"":{""iters"":10}}",1.1622662907466292,
objective_vs_queries,pseudoinverse,ky_fan_regression,14,7168,512,27.065467834472656,24.433429718017578,20,2027,success,"{""base_optimizer_parameters"":{""linesearch"":true,""sampling_dist"":""gaussian"",""sampling_scheme"":""full-rank"",""samps_per_iter"":512,""step_size"":0.03,""target_rank"":3},""data_seed"":2025,""initialization_seed"":2026,""iterations"":10000,""matrix_shape"":[30,30],""max_queries"":10000,""objective_noise"":0.0,""optimizer_seed"":2027,""recovery_parameters"":{""iters"":10}}",1.1622662907466292,
objective_vs_queries,pseudoinverse,ky_fan_regression,15,7680,512,26.60926055908203,24.433429718017578,20,2027,success,"{""base_optimizer_parameters"":{""linesearch"":true,""sampling_dist"":""gaussian"",""sampling_scheme"":""full-rank"",""samps_per_iter"":512,""step_size"":0.03,""target_rank"":3},""data_seed"":2025,""initialization_seed"":2026,""iterations"":10000,""matrix_shape"":[30,30],""max_queries"":10000,""objective_noise"":0.0,""optimizer_seed"":2027,""recovery_parameters"":{""iters"":10}}",1.1622662907466292,
objective_vs_queries,pseudoinverse,ky_fan_regression,16,8192,512,26.19949722290039,24.433429718017578,20,2027,success,"{""base_optimizer_parameters"":{""linesearch"":true,""sampling_dist"":""gaussian"",""sampling_scheme"":""full-rank"",""samps_per_iter"":512,""step_size"":0.03,""target_rank"":3},""data_seed"":2025,""initialization_seed"":2026,""iterations"":10000,""matrix_shape"":[30,30],""max_queries"":10000,""objective_noise"":0.0,""optimizer_seed"":2027,""recovery_parameters"":{""iters"":10}}",1.1622662907466292,
objective_vs_queries,pseudoinverse,ky_fan_regression,17,8704,512,25.763656616210938,24.433429718017578,20,2027,success,"{""base_optimizer_parameters"":{""linesearch"":true,""sampling_dist"":""gaussian"",""sampling_scheme"":""full-rank"",""samps_per_iter"":512,""step_size"":0.03,""target_rank"":3},""data_seed"":2025,""initialization_seed"":2026,""iterations"":10000,""matrix_shape"":[30,30],""max_queries"":10000,""objective_noise"":0.0,""optimizer_seed"":2027,""recovery_parameters"":{""iters"":10}}",1.1622662907466292,
objective_vs_queries,pseudoinverse,ky_fan_regression,18,9216,512,25.258554458618164,24.433429718017578,20,2027,success,"{""base_optimizer_parameters"":{""linesearch"":true,""sampling_dist"":""gaussian"",""sampling_scheme"":""full-rank"",""samps_per_iter"":512,""step_size"":0.03,""target_rank"":3},""data_seed"":2025,""initialization_seed"":2026,""iterations"":10000,""matrix_shape"":[30,30],""max_queries"":10000,""objective_noise"":0.0,""optimizer_seed"":2027,""recovery_parameters"":{""iters"":10}}",1.1622662907466292,
objective_vs_queries,pseudoinverse,ky_fan_regression,19,9728,512,24.82821273803711,24.433429718017578,20,2027,success,"{""base_optimizer_parameters"":{""linesearch"":true,""sampling_dist"":""gaussian"",""sampling_scheme"":""full-rank"",""samps_per_iter"":512,""step_size"":0.03,""target_rank"":3},""data_seed"":2025,""initialization_seed"":2026,""iterations"":10000,""matrix_shape"":[30,30],""max_queries"":10000,""objective_noise"":0.0,""optimizer_seed"":2027,""recovery_parameters"":{""iters"":10}}",1.1622662907466292,
objective_vs_queries,pseudoinverse,ky_fan_regression,20,10240,512,24.433429718017578,24.433429718017578,20,2027,success,"{""base_optimizer_parameters"":{""linesearch"":true,""sampling_dist"":""gaussian"",""sampling_scheme"":""full-rank"",""samps_per_iter"":512,""step_size"":0.03,""target_rank"":3},""data_seed"":2025,""initialization_seed"":2026,""iterations"":10000,""matrix_shape"":[30,30],""max_queries"":10000,""objective_noise"":0.0,""optimizer_seed"":2027,""recovery_parameters"":{""iters"":10}}",1.1622662907466292,
objective_vs_queries,pseudoinverse,singular_value_sum,0,0,128,428.63525390625,33.212947845458984,79,2027,success,"{""base_optimizer_parameters"":{""linesearch"":true,""sampling_dist"":""gaussian"",""sampling_scheme"":""full-rank"",""samps_per_iter"":128,""step_size"":0.03,""target_rank"":3},""data_seed"":2025,""initialization_seed"":2026,""iterations"":10000,""matrix_shape"":[30,30],""max_queries"":10000,""objective_noise"":0.0,""optimizer_seed"":2027,""recovery_parameters"":{""iters"":10}}",3.6317582922056317,
objective_vs_queries,pseudoinverse,singular_value_sum,1,128,128,398.1017761230469,33.212947845458984,79,2027,success,"{""base_optimizer_parameters"":{""linesearch"":true,""sampling_dist"":""gaussian"",""sampling_scheme"":""full-rank"",""samps_per_iter"":128,""step_size"":0.03,""target_rank"":3},""data_seed"":2025,""initialization_seed"":2026,""iterations"":10000,""matrix_shape"":[30,30],""max_queries"":10000,""objective_noise"":0.0,""optimizer_seed"":2027,""recovery_parameters"":{""iters"":10}}",3.6317582922056317,
objective_vs_queries,pseudoinverse,singular_value_sum,2,256,128,386.4718322753906,33.212947845458984,79,2027,success,"{""base_optimizer_parameters"":{""linesearch"":true,""sampling_dist"":""gaussian"",""sampling_scheme"":""full-rank"",""samps_per_iter"":128,""step_size"":0.03,""target_rank"":3},""data_seed"":2025,""initialization_seed"":2026,""iterations"":10000,""matrix_shape"":[30,30],""max_queries"":10000,""objective_noise"":0.0,""optimizer_seed"":2027,""recovery_parameters"":{""iters"":10}}",3.6317582922056317,
objective_vs_queries,pseudoinverse,singular_value_sum,3,384,128,386.03375244140625,33.212947845458984,79,2027,success,"{""base_optimizer_parameters"":{""linesearch"":true,""sampling_dist"":""gaussian"",""sampling_scheme"":""full-rank"",""samps_per_iter"":128,""step_size"":0.03,""target_rank"":3},""data_seed"":2025,""initialization_seed"":2026,""iterations"":10000,""matrix_shape"":[30,30],""max_queries"":10000,""objective_noise"":0.0,""optimizer_seed"":2027,""recovery_parameters"":{""iters"":10}}",3.6317582922056317,
objective_vs_queries,pseudoinverse,singular_value_sum,4,512,128,359.5549011230469,33.212947845458984,79,2027,success,"{""base_optimizer_parameters"":{""linesearch"":true,""sampling_dist"":""gaussian"",""sampling_scheme"":""full-rank"",""samps_per_iter"":128,""step_size"":0.03,""target_rank"":3},""data_seed"":2025,""initialization_seed"":2026,""iterations"":10000,""matrix_shape"":[30,30],""max_queries"":10000,""objective_noise"":0.0,""optimizer_seed"":2027,""recovery_parameters"":{""iters"":10}}",3.6317582922056317,
objective_vs_queries,pseudoinverse,singular_value_sum,5,640,128,354.77294921875,33.212947845458984,79,2027,success,"{""base_optimizer_parameters"":{""linesearch"":true,""sampling_dist"":""gaussian"",""sampling_scheme"":""full-rank"",""samps_per_iter"":128,""step_size"":0.03,""target_rank"":3},""data_seed"":2025,""initialization_seed"":2026,""iterations"":10000,""matrix_shape"":[30,30],""max_queries"":10000,""objective_noise"":0.0,""optimizer_seed"":2027,""recovery_parameters"":{""iters"":10}}",3.6317582922056317,
objective_vs_queries,pseudoinverse,singular_value_sum,6,768,128,346.9526672363281,33.212947845458984,79,2027,success,"{""base_optimizer_parameters"":{""linesearch"":true,""sampling_dist"":""gaussian"",""sampling_scheme"":""full-rank"",""samps_per_iter"":128,""step_size"":0.03,""target_rank"":3},""data_seed"":2025,""initialization_seed"":2026,""iterations"":10000,""matrix_shape"":[30,30],""max_queries"":10000,""objective_noise"":0.0,""optimizer_seed"":2027,""recovery_parameters"":{""iters"":10}}",3.6317582922056317,
objective_vs_queries,pseudoinverse,singular_value_sum,7,896,128,317.87060546875,33.212947845458984,79,2027,success,"{""base_optimizer_parameters"":{""linesearch"":true,""sampling_dist"":""gaussian"",""sampling_scheme"":""full-rank"",""samps_per_iter"":128,""step_size"":0.03,""target_rank"":3},""data_seed"":2025,""initialization_seed"":2026,""iterations"":10000,""matrix_shape"":[30,30],""max_queries"":10000,""objective_noise"":0.0,""optimizer_seed"":2027,""recovery_parameters"":{""iters"":10}}",3.6317582922056317,
objective_vs_queries,pseudoinverse,singular_value_sum,8,1024,128,291.6784362792969,33.212947845458984,79,2027,success,"{""base_optimizer_parameters"":{""linesearch"":true,""sampling_dist"":""gaussian"",""sampling_scheme"":""full-rank"",""samps_per_iter"":128,""step_size"":0.03,""target_rank"":3},""data_seed"":2025,""initialization_seed"":2026,""iterations"":10000,""matrix_shape"":[30,30],""max_queries"":10000,""objective_noise"":0.0,""optimizer_seed"":2027,""recovery_parameters"":{""iters"":10}}",3.6317582922056317,
objective_vs_queries,pseudoinverse,singular_value_sum,9,1152,128,281.2759704589844,33.212947845458984,79,2027,success,"{""base_optimizer_parameters"":{""linesearch"":true,""sampling_dist"":""gaussian"",""sampling_scheme"":""full-rank"",""samps_per_iter"":128,""step_size"":0.03,""target_rank"":3},""data_seed"":2025,""initialization_seed"":2026,""iterations"":10000,""matrix_shape"":[30,30],""max_queries"":10000,""objective_noise"":0.0,""optimizer_seed"":2027,""recovery_parameters"":{""iters"":10}}",3.6317582922056317,
objective_vs_queries,pseudoinverse,singular_value_sum,10,1280,128,273.4184265136719,33.212947845458984,79,2027,success,"{""base_optimizer_parameters"":{""linesearch"":true,""sampling_dist"":""gaussian"",""sampling_scheme"":""full-rank"",""samps_per_iter"":128,""step_size"":0.03,""target_rank"":3},""data_seed"":2025,""initialization_seed"":2026,""iterations"":10000,""matrix_shape"":[30,30],""max_queries"":10000,""objective_noise"":0.0,""optimizer_seed"":2027,""recovery_parameters"":{""iters"":10}}",3.6317582922056317,
objective_vs_queries,pseudoinverse,singular_value_sum,11,1408,128,260.5829772949219,33.212947845458984,79,2027,success,"{""base_optimizer_parameters"":{""linesearch"":true,""sampling_dist"":""gaussian"",""sampling_scheme"":""full-rank"",""samps_per_iter"":128,""step_size"":0.03,""target_rank"":3},""data_seed"":2025,""initialization_seed"":2026,""iterations"":10000,""matrix_shape"":[30,30],""max_queries"":10000,""objective_noise"":0.0,""optimizer_seed"":2027,""recovery_parameters"":{""iters"":10}}",3.6317582922056317,
objective_vs_queries,pseudoinverse,singular_value_sum,12,1536,128,258.670166015625,33.212947845458984,79,2027,success,"{""base_optimizer_parameters"":{""linesearch"":true,""sampling_dist"":""gaussian"",""sampling_scheme"":""full-rank"",""samps_per_iter"":128,""step_size"":0.03,""target_rank"":3},""data_seed"":2025,""initialization_seed"":2026,""iterations"":10000,""matrix_shape"":[30,30],""max_queries"":10000,""objective_noise"":0.0,""optimizer_seed"":2027,""recovery_parameters"":{""iters"":10}}",3.6317582922056317,
objective_vs_queries,pseudoinverse,singular_value_sum,13,1664,128,243.31939697265625,33.212947845458984,79,2027,success,"{""base_optimizer_parameters"":{""linesearch"":true,""sampling_dist"":""gaussian"",""sampling_scheme"":""full-rank"",""samps_per_iter"":128,""step_size"":0.03,""target_rank"":3},""data_seed"":2025,""initialization_seed"":2026,""iterations"":10000,""matrix_shape"":[30,30],""max_queries"":10000,""objective_noise"":0.0,""optimizer_seed"":2027,""recovery_parameters"":{""iters"":10}}",3.6317582922056317,
objective_vs_queries,pseudoinverse,singular_value_sum,14,1792,128,227.76171875,33.212947845458984,79,2027,success,"{""base_optimizer_parameters"":{""linesearch"":true,""sampling_dist"":""gaussian"",""sampling_scheme"":""full-rank"",""samps_per_iter"":128,""step_size"":0.03,""target_rank"":3},""data_seed"":2025,""initialization_seed"":2026,""iterations"":10000,""matrix_shape"":[30,30],""max_queries"":10000,""objective_noise"":0.0,""optimizer_seed"":2027,""recovery_parameters"":{""iters"":10}}",3.6317582922056317,
objective_vs_queries,pseudoinverse,singular_value_sum,15,1920,128,223.90428161621094,33.212947845458984,79,2027,success,"{""base_optimizer_parameters"":{""linesearch"":true,""sampling_dist"":""gaussian"",""sampling_scheme"":""full-rank"",""samps_per_iter"":128,""step_size"":0.03,""target_rank"":3},""data_seed"":2025,""initialization_seed"":2026,""iterations"":10000,""matrix_shape"":[30,30],""max_queries"":10000,""objective_noise"":0.0,""optimizer_seed"":2027,""recovery_parameters"":{""iters"":10}}",3.6317582922056317,
objective_vs_queries,pseudoinverse,singular_value_sum,16,2048,128,211.66929626464844,33.212947845458984,79,2027,success,"{""base_optimizer_parameters"":{""linesearch"":true,""sampling_dist"":""gaussian"",""sampling_scheme"":""full-rank"",""samps_per_iter"":128,""step_size"":0.03,""target_rank"":3},""data_seed"":2025,""initialization_seed"":2026,""iterations"":10000,""matrix_shape"":[30,30],""max_queries"":10000,""objective_noise"":0.0,""optimizer_seed"":2027,""recovery_parameters"":{""iters"":10}}",3.6317582922056317,
objective_vs_queries,pseudoinverse,singular_value_sum,17,2176,128,204.96795654296875,33.212947845458984,79,2027,success,"{""base_optimizer_parameters"":{""linesearch"":true,""sampling_dist"":""gaussian"",""sampling_scheme"":""full-rank"",""samps_per_iter"":128,""step_size"":0.03,""target_rank"":3},""data_seed"":2025,""initialization_seed"":2026,""iterations"":10000,""matrix_shape"":[30,30],""max_queries"":10000,""objective_noise"":0.0,""optimizer_seed"":2027,""recovery_parameters"":{""iters"":10}}",3.6317582922056317,
objective_vs_queries,pseudoinverse,singular_value_sum,18,2304,128,197.9167938232422,33.212947845458984,79,2027,success,"{""base_optimizer_parameters"":{""linesearch"":true,""sampling_dist"":""gaussian"",""sampling_scheme"":""full-rank"",""samps_per_iter"":128,""step_size"":0.03,""target_rank"":3},""data_seed"":2025,""initialization_seed"":2026,""iterations"":10000,""matrix_shape"":[30,30],""max_queries"":10000,""objective_noise"":0.0,""optimizer_seed"":2027,""recovery_parameters"":{""iters"":10}}",3.6317582922056317,
objective_vs_queries,pseudoinverse,singular_value_sum,19,2432,128,195.3845977783203,33.212947845458984,79,2027,success,"{""base_optimizer_parameters"":{""linesearch"":true,""sampling_dist"":""gaussian"",""sampling_scheme"":""full-rank"",""samps_per_iter"":128,""step_size"":0.03,""target_rank"":3},""data_seed"":2025,""initialization_seed"":2026,""iterations"":10000,""matrix_shape"":[30,30],""max_queries"":10000,""objective_noise"":0.0,""optimizer_seed"":2027,""recovery_parameters"":{""iters"":10}}",3.6317582922056317,
objective_vs_queries,pseudoinverse,singular_value_sum,20,2560,128,187.92044067382812,33.212947845458984,79,2027,success,"{""base_optimizer_parameters"":{""linesearch"":true,""sampling_dist"":""gaussian"",""sampling_scheme"":""full-rank"",""samps_per_iter"":128,""step_size"":0.03,""target_rank"":3},""data_seed"":2025,""initialization_seed"":2026,""iterations"":10000,""matrix_shape"":[30,30],""max_queries"":10000,""objective_noise"":0.0,""optimizer_seed"":2027,""recovery_parameters"":{""iters"":10}}",3.6317582922056317,
objective_vs_queries,pseudoinverse,singular_value_sum,21,2688,128,183.24627685546875,33.212947845458984,79,2027,success,"{""base_optimizer_parameters"":{""linesearch"":true,""sampling_dist"":""gaussian"",""sampling_scheme"":""full-rank"",""samps_per_iter"":128,""step_size"":0.03,""target_rank"":3},""data_seed"":2025,""initialization_seed"":2026,""iterations"":10000,""matrix_shape"":[30,30],""max_queries"":10000,""objective_noise"":0.0,""optimizer_seed"":2027,""recovery_parameters"":{""iters"":10}}",3.6317582922056317,
objective_vs_queries,pseudoinverse,singular_value_sum,22,2816,128,175.6279296875,33.212947845458984,79,2027,success,"{""base_optimizer_parameters"":{""linesearch"":true,""sampling_dist"":""gaussian"",""sampling_scheme"":""full-rank"",""samps_per_iter"":128,""step_size"":0.03,""target_rank"":3},""data_seed"":2025,""initialization_seed"":2026,""iterations"":10000,""matrix_shape"":[30,30],""max_queries"":10000,""objective_noise"":0.0,""optimizer_seed"":2027,""recovery_parameters"":{""iters"":10}}",3.6317582922056317,
objective_vs_queries,pseudoinverse,singular_value_sum,23,2944,128,175.500732421875,33.212947845458984,79,2027,success,"{""base_optimizer_parameters"":{""linesearch"":true,""sampling_dist"":""gaussian"",""sampling_scheme"":""full-rank"",""samps_per_iter"":128,""step_size"":0.03,""target_rank"":3},""data_seed"":2025,""initialization_seed"":2026,""iterations"":10000,""matrix_shape"":[30,30],""max_queries"":10000,""objective_noise"":0.0,""optimizer_seed"":2027,""recovery_parameters"":{""iters"":10}}",3.6317582922056317,
objective_vs_queries,pseudoinverse,singular_value_sum,24,3072,128,175.2835693359375,33.212947845458984,79,2027,success,"{""base_optimizer_parameters"":{""linesearch"":true,""sampling_dist"":""gaussian"",""sampling_scheme"":""full-rank"",""samps_per_iter"":128,""step_size"":0.03,""target_rank"":3},""data_seed"":2025,""initialization_seed"":2026,""iterations"":10000,""matrix_shape"":[30,30],""max_queries"":10000,""objective_noise"":0.0,""optimizer_seed"":2027,""recovery_parameters"":{""iters"":10}}",3.6317582922056317,
objective_vs_queries,pseudoinverse,singular_value_sum,25,3200,128,173.62379455566406,33.212947845458984,79,2027,success,"{""base_optimizer_parameters"":{""linesearch"":true,""sampling_dist"":""gaussian"",""sampling_scheme"":""full-rank"",""samps_per_iter"":128,""step_size"":0.03,""target_rank"":3},""data_seed"":2025,""initialization_seed"":2026,""iterations"":10000,""matrix_shape"":[30,30],""max_queries"":10000,""objective_noise"":0.0,""optimizer_seed"":2027,""recovery_parameters"":{""iters"":10}}",3.6317582922056317,
objective_vs_queries,pseudoinverse,singular_value_sum,26,3328,128,162.667724609375,33.212947845458984,79,2027,success,"{""base_optimizer_parameters"":{""linesearch"":true,""sampling_dist"":""gaussian"",""sampling_scheme"":""full-rank"",""samps_per_iter"":128,""step_size"":0.03,""target_rank"":3},""data_seed"":2025,""initialization_seed"":2026,""iterations"":10000,""matrix_shape"":[30,30],""max_queries"":10000,""objective_noise"":0.0,""optimizer_seed"":2027,""recovery_parameters"":{""iters"":10}}",3.6317582922056317,
objective_vs_queries,pseudoinverse,singular_value_sum,27,3456,128,156.7257080078125,33.212947845458984,79,2027,success,"{""base_optimizer_parameters"":{""linesearch"":true,""sampling_dist"":""gaussian"",""sampling_scheme"":""full-rank"",""samps_per_iter"":128,""step_size"":0.03,""target_rank"":3},""data_seed"":2025,""initialization_seed"":2026,""iterations"":10000,""matrix_shape"":[30,30],""max_queries"":10000,""objective_noise"":0.0,""optimizer_seed"":2027,""recovery_parameters"":{""iters"":10}}",3.6317582922056317,
objective_vs_queries,pseudoinverse,singular_value_sum,28,3584,128,155.3058624267578,33.212947845458984,79,2027,success,"{""base_optimizer_parameters"":{""linesearch"":true,""sampling_dist"":""gaussian"",""sampling_scheme"":""full-rank"",""samps_per_iter"":128,""step_size"":0.03,""target_rank"":3},""data_seed"":2025,""initialization_seed"":2026,""iterations"":10000,""matrix_shape"":[30,30],""max_queries"":10000,""objective_noise"":0.0,""optimizer_seed"":2027,""recovery_parameters"":{""iters"":10}}",3.6317582922056317,
objective_vs_queries,pseudoinverse,singular_value_sum,29,3712,128,149.3466033935547,33.212947845458984,79,2027,success,"{""base_optimizer_parameters"":{""linesearch"":true,""sampling_dist"":""gaussian"",""sampling_scheme"":""full-rank"",""samps_per_iter"":128,""step_size"":0.03,""target_rank"":3},""data_seed"":2025,""initialization_seed"":2026,""iterations"":10000,""matrix_shape"":[30,30],""max_queries"":10000,""objective_noise"":0.0,""optimizer_seed"":2027,""recovery_parameters"":{""iters"":10}}",3.6317582922056317,
objective_vs_queries,pseudoinverse,singular_value_sum,30,3840,128,147.0983428955078,33.212947845458984,79,2027,success,"{""base_optimizer_parameters"":{""linesearch"":true,""sampling_dist"":""gaussian"",""sampling_scheme"":""full-rank"",""samps_per_iter"":128,""step_size"":0.03,""target_rank"":3},""data_seed"":2025,""initialization_seed"":2026,""iterations"":10000,""matrix_shape"":[30,30],""max_queries"":10000,""objective_noise"":0.0,""optimizer_seed"":2027,""recovery_parameters"":{""iters"":10}}",3.6317582922056317,
objective_vs_queries,pseudoinverse,singular_value_sum,31,3968,128,137.75755310058594,33.212947845458984,79,2027,success,"{""base_optimizer_parameters"":{""linesearch"":true,""sampling_dist"":""gaussian"",""sampling_scheme"":""full-rank"",""samps_per_iter"":128,""step_size"":0.03,""target_rank"":3},""data_seed"":2025,""initialization_seed"":2026,""iterations"":10000,""matrix_shape"":[30,30],""max_queries"":10000,""objective_noise"":0.0,""optimizer_seed"":2027,""recovery_parameters"":{""iters"":10}}",3.6317582922056317,
objective_vs_queries,pseudoinverse,singular_value_sum,32,4096,128,133.43980407714844,33.212947845458984,79,2027,success,"{""base_optimizer_parameters"":{""linesearch"":true,""sampling_dist"":""gaussian"",""sampling_scheme"":""full-rank"",""samps_per_iter"":128,""step_size"":0.03,""target_rank"":3},""data_seed"":2025,""initialization_seed"":2026,""iterations"":10000,""matrix_shape"":[30,30],""max_queries"":10000,""objective_noise"":0.0,""optimizer_seed"":2027,""recovery_parameters"":{""iters"":10}}",3.6317582922056317,
objective_vs_queries,pseudoinverse,singular_value_sum,33,4224,128,127.4175033569336,33.212947845458984,79,2027,success,"{""base_optimizer_parameters"":{""linesearch"":true,""sampling_dist"":""gaussian"",""sampling_scheme"":""full-rank"",""samps_per_iter"":128,""step_size"":0.03,""target_rank"":3},""data_seed"":2025,""initialization_seed"":2026,""iterations"":10000,""matrix_shape"":[30,30],""max_queries"":10000,""objective_noise"":0.0,""optimizer_seed"":2027,""recovery_parameters"":{""iters"":10}}",3.6317582922056317,
objective_vs_queries,pseudoinverse,singular_value_sum,34,4352,128,122.18102264404297,33.212947845458984,79,2027,success,"{""base_optimizer_parameters"":{""linesearch"":true,""sampling_dist"":""gaussian"",""sampling_scheme"":""full-rank"",""samps_per_iter"":128,""step_size"":0.03,""target_rank"":3},""data_seed"":2025,""initialization_seed"":2026,""iterations"":10000,""matrix_shape"":[30,30],""max_queries"":10000,""objective_noise"":0.0,""optimizer_seed"":2027,""recovery_parameters"":{""iters"":10}}",3.6317582922056317,
objective_vs_queries,pseudoinverse,singular_value_sum,35,4480,128,119.22712707519531,33.212947845458984,79,2027,success,"{""base_optimizer_parameters"":{""linesearch"":true,""sampling_dist"":""gaussian"",""sampling_scheme"":""full-rank"",""samps_per_iter"":128,""step_size"":0.03,""target_rank"":3},""data_seed"":2025,""initialization_seed"":2026,""iterations"":10000,""matrix_shape"":[30,30],""max_queries"":10000,""objective_noise"":0.0,""optimizer_seed"":2027,""recovery_parameters"":{""iters"":10}}",3.6317582922056317,
objective_vs_queries,pseudoinverse,singular_value_sum,36,4608,128,116.82511138916016,33.212947845458984,79,2027,success,"{""base_optimizer_parameters"":{""linesearch"":true,""sampling_dist"":""gaussian"",""sampling_scheme"":""full-rank"",""samps_per_iter"":128,""step_size"":0.03,""target_rank"":3},""data_seed"":2025,""initialization_seed"":2026,""iterations"":10000,""matrix_shape"":[30,30],""max_queries"":10000,""objective_noise"":0.0,""optimizer_seed"":2027,""recovery_parameters"":{""iters"":10}}",3.6317582922056317,
objective_vs_queries,pseudoinverse,singular_value_sum,37,4736,128,112.17413330078125,33.212947845458984,79,2027,success,"{""base_optimizer_parameters"":{""linesearch"":true,""sampling_dist"":""gaussian"",""sampling_scheme"":""full-rank"",""samps_per_iter"":128,""step_size"":0.03,""target_rank"":3},""data_seed"":2025,""initialization_seed"":2026,""iterations"":10000,""matrix_shape"":[30,30],""max_queries"":10000,""objective_noise"":0.0,""optimizer_seed"":2027,""recovery_parameters"":{""iters"":10}}",3.6317582922056317,
objective_vs_queries,pseudoinverse,singular_value_sum,38,4864,128,108.45764923095703,33.212947845458984,79,2027,success,"{""base_optimizer_parameters"":{""linesearch"":true,""sampling_dist"":""gaussian"",""sampling_scheme"":""full-rank"",""samps_per_iter"":128,""step_size"":0.03,""target_rank"":3},""data_seed"":2025,""initialization_seed"":2026,""iterations"":10000,""matrix_shape"":[30,30],""max_queries"":10000,""objective_noise"":0.0,""optimizer_seed"":2027,""recovery_parameters"":{""iters"":10}}",3.6317582922056317,
objective_vs_queries,pseudoinverse,singular_value_sum,39,4992,128,106.20738983154297,33.212947845458984,79,2027,success,"{""base_optimizer_parameters"":{""linesearch"":true,""sampling_dist"":""gaussian"",""sampling_scheme"":""full-rank"",""samps_per_iter"":128,""step_size"":0.03,""target_rank"":3},""data_seed"":2025,""initialization_seed"":2026,""iterations"":10000,""matrix_shape"":[30,30],""max_queries"":10000,""objective_noise"":0.0,""optimizer_seed"":2027,""recovery_parameters"":{""iters"":10}}",3.6317582922056317,
objective_vs_queries,pseudoinverse,singular_value_sum,40,5120,128,105.96026611328125,33.212947845458984,79,2027,success,"{""base_optimizer_parameters"":{""linesearch"":true,""sampling_dist"":""gaussian"",""sampling_scheme"":""full-rank"",""samps_per_iter"":128,""step_size"":0.03,""target_rank"":3},""data_seed"":2025,""initialization_seed"":2026,""iterations"":10000,""matrix_shape"":[30,30],""max_queries"":10000,""objective_noise"":0.0,""optimizer_seed"":2027,""recovery_parameters"":{""iters"":10}}",3.6317582922056317,
objective_vs_queries,pseudoinverse,singular_value_sum,41,5248,128,104.96204376220703,33.212947845458984,79,2027,success,"{""base_optimizer_parameters"":{""linesearch"":true,""sampling_dist"":""gaussian"",""sampling_scheme"":""full-rank"",""samps_per_iter"":128,""step_size"":0.03,""target_rank"":3},""data_seed"":2025,""initialization_seed"":2026,""iterations"":10000,""matrix_shape"":[30,30],""max_queries"":10000,""objective_noise"":0.0,""optimizer_seed"":2027,""recovery_parameters"":{""iters"":10}}",3.6317582922056317,
objective_vs_queries,pseudoinverse,singular_value_sum,42,5376,128,101.02445220947266,33.212947845458984,79,2027,success,"{""base_optimizer_parameters"":{""linesearch"":true,""sampling_dist"":""gaussian"",""sampling_scheme"":""full-rank"",""samps_per_iter"":128,""step_size"":0.03,""target_rank"":3},""data_seed"":2025,""initialization_seed"":2026,""iterations"":10000,""matrix_shape"":[30,30],""max_queries"":10000,""objective_noise"":0.0,""optimizer_seed"":2027,""recovery_parameters"":{""iters"":10}}",3.6317582922056317,
objective_vs_queries,pseudoinverse,singular_value_sum,43,5504,128,98.7779541015625,33.212947845458984,79,2027,success,"{""base_optimizer_parameters"":{""linesearch"":true,""sampling_dist"":""gaussian"",""sampling_scheme"":""full-rank"",""samps_per_iter"":128,""step_size"":0.03,""target_rank"":3},""data_seed"":2025,""initialization_seed"":2026,""iterations"":10000,""matrix_shape"":[30,30],""max_queries"":10000,""objective_noise"":0.0,""optimizer_seed"":2027,""recovery_parameters"":{""iters"":10}}",3.6317582922056317,
objective_vs_queries,pseudoinverse,singular_value_sum,44,5632,128,96.5126724243164,33.212947845458984,79,2027,success,"{""base_optimizer_parameters"":{""linesearch"":true,""sampling_dist"":""gaussian"",""sampling_scheme"":""full-rank"",""samps_per_iter"":128,""step_size"":0.03,""target_rank"":3},""data_seed"":2025,""initialization_seed"":2026,""iterations"":10000,""matrix_shape"":[30,30],""max_queries"":10000,""objective_noise"":0.0,""optimizer_seed"":2027,""recovery_parameters"":{""iters"":10}}",3.6317582922056317,
objective_vs_queries,pseudoinverse,singular_value_sum,45,5760,128,92.56155395507812,33.212947845458984,79,2027,success,"{""base_optimizer_parameters"":{""linesearch"":true,""sampling_dist"":""gaussian"",""sampling_scheme"":""full-rank"",""samps_per_iter"":128,""step_size"":0.03,""target_rank"":3},""data_seed"":2025,""initialization_seed"":2026,""iterations"":10000,""matrix_shape"":[30,30],""max_queries"":10000,""objective_noise"":0.0,""optimizer_seed"":2027,""recovery_parameters"":{""iters"":10}}",3.6317582922056317,
objective_vs_queries,pseudoinverse,singular_value_sum,46,5888,128,91.2555160522461,33.212947845458984,79,2027,success,"{""base_optimizer_parameters"":{""linesearch"":true,""sampling_dist"":""gaussian"",""sampling_scheme"":""full-rank"",""samps_per_iter"":128,""step_size"":0.03,""target_rank"":3},""data_seed"":2025,""initialization_seed"":2026,""iterations"":10000,""matrix_shape"":[30,30],""max_queries"":10000,""objective_noise"":0.0,""optimizer_seed"":2027,""recovery_parameters"":{""iters"":10}}",3.6317582922056317,
objective_vs_queries,pseudoinverse,singular_value_sum,47,6016,128,87.54117584228516,33.212947845458984,79,2027,success,"{""base_optimizer_parameters"":{""linesearch"":true,""sampling_dist"":""gaussian"",""sampling_scheme"":""full-rank"",""samps_per_iter"":128,""step_size"":0.03,""target_rank"":3},""data_seed"":2025,""initialization_seed"":2026,""iterations"":10000,""matrix_shape"":[30,30],""max_queries"":10000,""objective_noise"":0.0,""optimizer_seed"":2027,""recovery_parameters"":{""iters"":10}}",3.6317582922056317,
objective_vs_queries,pseudoinverse,singular_value_sum,48,6144,128,86.67466735839844,33.212947845458984,79,2027,success,"{""base_optimizer_parameters"":{""linesearch"":true,""sampling_dist"":""gaussian"",""sampling_scheme"":""full-rank"",""samps_per_iter"":128,""step_size"":0.03,""target_rank"":3},""data_seed"":2025,""initialization_seed"":2026,""iterations"":10000,""matrix_shape"":[30,30],""max_queries"":10000,""objective_noise"":0.0,""optimizer_seed"":2027,""recovery_parameters"":{""iters"":10}}",3.6317582922056317,
objective_vs_queries,pseudoinverse,singular_value_sum,49,6272,128,81.50696563720703,33.212947845458984,79,2027,success,"{""base_optimizer_parameters"":{""linesearch"":true,""sampling_dist"":""gaussian"",""sampling_scheme"":""full-rank"",""samps_per_iter"":128,""step_size"":0.03,""target_rank"":3},""data_seed"":2025,""initialization_seed"":2026,""iterations"":10000,""matrix_shape"":[30,30],""max_queries"":10000,""objective_noise"":0.0,""optimizer_seed"":2027,""recovery_parameters"":{""iters"":10}}",3.6317582922056317,
objective_vs_queries,pseudoinverse,singular_value_sum,50,6400,128,80.34286499023438,33.212947845458984,79,2027,success,"{""base_optimizer_parameters"":{""linesearch"":true,""sampling_dist"":""gaussian"",""sampling_scheme"":""full-rank"",""samps_per_iter"":128,""step_size"":0.03,""target_rank"":3},""data_seed"":2025,""initialization_seed"":2026,""iterations"":10000,""matrix_shape"":[30,30],""max_queries"":10000,""objective_noise"":0.0,""optimizer_seed"":2027,""recovery_parameters"":{""iters"":10}}",3.6317582922056317,
objective_vs_queries,pseudoinverse,singular_value_sum,51,6528,128,75.09425354003906,33.212947845458984,79,2027,success,"{""base_optimizer_parameters"":{""linesearch"":true,""sampling_dist"":""gaussian"",""sampling_scheme"":""full-rank"",""samps_per_iter"":128,""step_size"":0.03,""target_rank"":3},""data_seed"":2025,""initialization_seed"":2026,""iterations"":10000,""matrix_shape"":[30,30],""max_queries"":10000,""objective_noise"":0.0,""optimizer_seed"":2027,""recovery_parameters"":{""iters"":10}}",3.6317582922056317,
objective_vs_queries,pseudoinverse,singular_value_sum,52,6656,128,72.69976043701172,33.212947845458984,79,2027,success,"{""base_optimizer_parameters"":{""linesearch"":true,""sampling_dist"":""gaussian"",""sampling_scheme"":""full-rank"",""samps_per_iter"":128,""step_size"":0.03,""target_rank"":3},""data_seed"":2025,""initialization_seed"":2026,""iterations"":10000,""matrix_shape"":[30,30],""max_queries"":10000,""objective_noise"":0.0,""optimizer_seed"":2027,""recovery_parameters"":{""iters"":10}}",3.6317582922056317,
objective_vs_queries,pseudoinverse,singular_value_sum,53,6784,128,68.68279266357422,33.212947845458984,79,2027,success,"{""base_optimizer_parameters"":{""linesearch"":true,""sampling_dist"":""gaussian"",""sampling_scheme"":""full-rank"",""samps_per_iter"":128,""step_size"":0.03,""target_rank"":3},""data_seed"":2025,""initialization_seed"":2026,""iterations"":10000,""matrix_shape"":[30,30],""max_queries"":10000,""objective_noise"":0.0,""optimizer_seed"":2027,""recovery_parameters"":{""iters"":10}}",3.6317582922056317,
objective_vs_queries,pseudoinverse,singular_value_sum,54,6912,128,65.06958770751953,33.212947845458984,79,2027,success,"{""base_optimizer_parameters"":{""linesearch"":true,""sampling_dist"":""gaussian"",""sampling_scheme"":""full-rank"",""samps_per_iter"":128,""step_size"":0.03,""target_rank"":3},""data_seed"":2025,""initialization_seed"":2026,""iterations"":10000,""matrix_shape"":[30,30],""max_queries"":10000,""objective_noise"":0.0,""optimizer_seed"":2027,""recovery_parameters"":{""iters"":10}}",3.6317582922056317,
objective_vs_queries,pseudoinverse,singular_value_sum,55,7040,128,63.21421432495117,33.212947845458984,79,2027,success,"{""base_optimizer_parameters"":{""linesearch"":true,""sampling_dist"":""gaussian"",""sampling_scheme"":""full-rank"",""samps_per_iter"":128,""step_size"":0.03,""target_rank"":3},""data_seed"":2025,""initialization_seed"":2026,""iterations"":10000,""matrix_shape"":[30,30],""max_queries"":10000,""objective_noise"":0.0,""optimizer_seed"":2027,""recovery_parameters"":{""iters"":10}}",3.6317582922056317,
objective_vs_queries,pseudoinverse,singular_value_sum,56,7168,128,62.22776412963867,33.212947845458984,79,2027,success,"{""base_optimizer_parameters"":{""linesearch"":true,""sampling_dist"":""gaussian"",""sampling_scheme"":""full-rank"",""samps_per_iter"":128,""step_size"":0.03,""target_rank"":3},""data_seed"":2025,""initialization_seed"":2026,""iterations"":10000,""matrix_shape"":[30,30],""max_queries"":10000,""objective_noise"":0.0,""optimizer_seed"":2027,""recovery_parameters"":{""iters"":10}}",3.6317582922056317,
objective_vs_queries,pseudoinverse,singular_value_sum,57,7296,128,61.89211654663086,33.212947845458984,79,2027,success,"{""base_optimizer_parameters"":{""linesearch"":true,""sampling_dist"":""gaussian"",""sampling_scheme"":""full-rank"",""samps_per_iter"":128,""step_size"":0.03,""target_rank"":3},""data_seed"":2025,""initialization_seed"":2026,""iterations"":10000,""matrix_shape"":[30,30],""max_queries"":10000,""objective_noise"":0.0,""optimizer_seed"":2027,""recovery_parameters"":{""iters"":10}}",3.6317582922056317,
objective_vs_queries,pseudoinverse,singular_value_sum,58,7424,128,59.042762756347656,33.212947845458984,79,2027,success,"{""base_optimizer_parameters"":{""linesearch"":true,""sampling_dist"":""gaussian"",""sampling_scheme"":""full-rank"",""samps_per_iter"":128,""step_size"":0.03,""target_rank"":3},""data_seed"":2025,""initialization_seed"":2026,""iterations"":10000,""matrix_shape"":[30,30],""max_queries"":10000,""objective_noise"":0.0,""optimizer_seed"":2027,""recovery_parameters"":{""iters"":10}}",3.6317582922056317,
objective_vs_queries,pseudoinverse,singular_value_sum,59,7552,128,57.359222412109375,33.212947845458984,79,2027,success,"{""base_optimizer_parameters"":{""linesearch"":true,""sampling_dist"":""gaussian"",""sampling_scheme"":""full-rank"",""samps_per_iter"":128,""step_size"":0.03,""target_rank"":3},""data_seed"":2025,""initialization_seed"":2026,""iterations"":10000,""matrix_shape"":[30,30],""max_queries"":10000,""objective_noise"":0.0,""optimizer_seed"":2027,""recovery_parameters"":{""iters"":10}}",3.6317582922056317,
objective_vs_queries,pseudoinverse,singular_value_sum,60,7680,128,55.76079177856445,33.212947845458984,79,2027,success,"{""base_optimizer_parameters"":{""linesearch"":true,""sampling_dist"":""gaussian"",""sampling_scheme"":""full-rank"",""samps_per_iter"":128,""step_size"":0.03,""target_rank"":3},""data_seed"":2025,""initialization_seed"":2026,""iterations"":10000,""matrix_shape"":[30,30],""max_queries"":10000,""objective_noise"":0.0,""optimizer_seed"":2027,""recovery_parameters"":{""iters"":10}}",3.6317582922056317,
objective_vs_queries,pseudoinverse,singular_value_sum,61,7808,128,54.095787048339844,33.212947845458984,79,2027,success,"{""base_optimizer_parameters"":{""linesearch"":true,""sampling_dist"":""gaussian"",""sampling_scheme"":""full-rank"",""samps_per_iter"":128,""step_size"":0.03,""target_rank"":3},""data_seed"":2025,""initialization_seed"":2026,""iterations"":10000,""matrix_shape"":[30,30],""max_queries"":10000,""objective_noise"":0.0,""optimizer_seed"":2027,""recovery_parameters"":{""iters"":10}}",3.6317582922056317,
objective_vs_queries,pseudoinverse,singular_value_sum,62,7936,128,53.90822982788086,33.212947845458984,79,2027,success,"{""base_optimizer_parameters"":{""linesearch"":true,""sampling_dist"":""gaussian"",""sampling_scheme"":""full-rank"",""samps_per_iter"":128,""step_size"":0.03,""target_rank"":3},""data_seed"":2025,""initialization_seed"":2026,""iterations"":10000,""matrix_shape"":[30,30],""max_queries"":10000,""objective_noise"":0.0,""optimizer_seed"":2027,""recovery_parameters"":{""iters"":10}}",3.6317582922056317,
objective_vs_queries,pseudoinverse,singular_value_sum,63,8064,128,53.292423248291016,33.212947845458984,79,2027,success,"{""base_optimizer_parameters"":{""linesearch"":true,""sampling_dist"":""gaussian"",""sampling_scheme"":""full-rank"",""samps_per_iter"":128,""step_size"":0.03,""target_rank"":3},""data_seed"":2025,""initialization_seed"":2026,""iterations"":10000,""matrix_shape"":[30,30],""max_queries"":10000,""objective_noise"":0.0,""optimizer_seed"":2027,""recovery_parameters"":{""iters"":10}}",3.6317582922056317,
objective_vs_queries,pseudoinverse,singular_value_sum,64,8192,128,51.48063278198242,33.212947845458984,79,2027,success,"{""base_optimizer_parameters"":{""linesearch"":true,""sampling_dist"":""gaussian"",""sampling_scheme"":""full-rank"",""samps_per_iter"":128,""step_size"":0.03,""target_rank"":3},""data_seed"":2025,""initialization_seed"":2026,""iterations"":10000,""matrix_shape"":[30,30],""max_queries"":10000,""objective_noise"":0.0,""optimizer_seed"":2027,""recovery_parameters"":{""iters"":10}}",3.6317582922056317,
objective_vs_queries,pseudoinverse,singular_value_sum,65,8320,128,50.304473876953125,33.212947845458984,79,2027,success,"{""base_optimizer_parameters"":{""linesearch"":true,""sampling_dist"":""gaussian"",""sampling_scheme"":""full-rank"",""samps_per_iter"":128,""step_size"":0.03,""target_rank"":3},""data_seed"":2025,""initialization_seed"":2026,""iterations"":10000,""matrix_shape"":[30,30],""max_queries"":10000,""objective_noise"":0.0,""optimizer_seed"":2027,""recovery_parameters"":{""iters"":10}}",3.6317582922056317,
objective_vs_queries,pseudoinverse,singular_value_sum,66,8448,128,49.362274169921875,33.212947845458984,79,2027,success,"{""base_optimizer_parameters"":{""linesearch"":true,""sampling_dist"":""gaussian"",""sampling_scheme"":""full-rank"",""samps_per_iter"":128,""step_size"":0.03,""target_rank"":3},""data_seed"":2025,""initialization_seed"":2026,""iterations"":10000,""matrix_shape"":[30,30],""max_queries"":10000,""objective_noise"":0.0,""optimizer_seed"":2027,""recovery_parameters"":{""iters"":10}}",3.6317582922056317,
objective_vs_queries,pseudoinverse,singular_value_sum,67,8576,128,47.299781799316406,33.212947845458984,79,2027,success,"{""base_optimizer_parameters"":{""linesearch"":true,""sampling_dist"":""gaussian"",""sampling_scheme"":""full-rank"",""samps_per_iter"":128,""step_size"":0.03,""target_rank"":3},""data_seed"":2025,""initialization_seed"":2026,""iterations"":10000,""matrix_shape"":[30,30],""max_queries"":10000,""objective_noise"":0.0,""optimizer_seed"":2027,""recovery_parameters"":{""iters"":10}}",3.6317582922056317,
objective_vs_queries,pseudoinverse,singular_value_sum,68,8704,128,47.106201171875,33.212947845458984,79,2027,success,"{""base_optimizer_parameters"":{""linesearch"":true,""sampling_dist"":""gaussian"",""sampling_scheme"":""full-rank"",""samps_per_iter"":128,""step_size"":0.03,""target_rank"":3},""data_seed"":2025,""initialization_seed"":2026,""iterations"":10000,""matrix_shape"":[30,30],""max_queries"":10000,""objective_noise"":0.0,""optimizer_seed"":2027,""recovery_parameters"":{""iters"":10}}",3.6317582922056317,
objective_vs_queries,pseudoinverse,singular_value_sum,69,8832,128,46.483367919921875,33.212947845458984,79,2027,success,"{""base_optimizer_parameters"":{""linesearch"":true,""sampling_dist"":""gaussian"",""sampling_scheme"":""full-rank"",""samps_per_iter"":128,""step_size"":0.03,""target_rank"":3},""data_seed"":2025,""initialization_seed"":2026,""iterations"":10000,""matrix_shape"":[30,30],""max_queries"":10000,""objective_noise"":0.0,""optimizer_seed"":2027,""recovery_parameters"":{""iters"":10}}",3.6317582922056317,
objective_vs_queries,pseudoinverse,singular_value_sum,70,8960,128,44.30958557128906,33.212947845458984,79,2027,success,"{""base_optimizer_parameters"":{""linesearch"":true,""sampling_dist"":""gaussian"",""sampling_scheme"":""full-rank"",""samps_per_iter"":128,""step_size"":0.03,""target_rank"":3},""data_seed"":2025,""initialization_seed"":2026,""iterations"":10000,""matrix_shape"":[30,30],""max_queries"":10000,""objective_noise"":0.0,""optimizer_seed"":2027,""recovery_parameters"":{""iters"":10}}",3.6317582922056317,
objective_vs_queries,pseudoinverse,singular_value_sum,71,9088,128,42.68728256225586,33.212947845458984,79,2027,success,"{""base_optimizer_parameters"":{""linesearch"":true,""sampling_dist"":""gaussian"",""sampling_scheme"":""full-rank"",""samps_per_iter"":128,""step_size"":0.03,""target_rank"":3},""data_seed"":2025,""initialization_seed"":2026,""iterations"":10000,""matrix_shape"":[30,30],""max_queries"":10000,""objective_noise"":0.0,""optimizer_seed"":2027,""recovery_parameters"":{""iters"":10}}",3.6317582922056317,
objective_vs_queries,pseudoinverse,singular_value_sum,72,9216,128,41.44607162475586,33.212947845458984,79,2027,success,"{""base_optimizer_parameters"":{""linesearch"":true,""sampling_dist"":""gaussian"",""sampling_scheme"":""full-rank"",""samps_per_iter"":128,""step_size"":0.03,""target_rank"":3},""data_seed"":2025,""initialization_seed"":2026,""iterations"":10000,""matrix_shape"":[30,30],""max_queries"":10000,""objective_noise"":0.0,""optimizer_seed"":2027,""recovery_parameters"":{""iters"":10}}",3.6317582922056317,
objective_vs_queries,pseudoinverse,singular_value_sum,73,9344,128,39.24845504760742,33.212947845458984,79,2027,success,"{""base_optimizer_parameters"":{""linesearch"":true,""sampling_dist"":""gaussian"",""sampling_scheme"":""full-rank"",""samps_per_iter"":128,""step_size"":0.03,""target_rank"":3},""data_seed"":2025,""initialization_seed"":2026,""iterations"":10000,""matrix_shape"":[30,30],""max_queries"":10000,""objective_noise"":0.0,""optimizer_seed"":2027,""recovery_parameters"":{""iters"":10}}",3.6317582922056317,
objective_vs_queries,pseudoinverse,singular_value_sum,74,9472,128,37.65061950683594,33.212947845458984,79,2027,success,"{""base_optimizer_parameters"":{""linesearch"":true,""sampling_dist"":""gaussian"",""sampling_scheme"":""full-rank"",""samps_per_iter"":128,""step_size"":0.03,""target_rank"":3},""data_seed"":2025,""initialization_seed"":2026,""iterations"":10000,""matrix_shape"":[30,30],""max_queries"":10000,""objective_noise"":0.0,""optimizer_seed"":2027,""recovery_parameters"":{""iters"":10}}",3.6317582922056317,
objective_vs_queries,pseudoinverse,singular_value_sum,75,9600,128,36.08284378051758,33.212947845458984,79,2027,success,"{""base_optimizer_parameters"":{""linesearch"":true,""sampling_dist"":""gaussian"",""sampling_scheme"":""full-rank"",""samps_per_iter"":128,""step_size"":0.03,""target_rank"":3},""data_seed"":2025,""initialization_seed"":2026,""iterations"":10000,""matrix_shape"":[30,30],""max_queries"":10000,""objective_noise"":0.0,""optimizer_seed"":2027,""recovery_parameters"":{""iters"":10}}",3.6317582922056317,
objective_vs_queries,pseudoinverse,singular_value_sum,76,9728,128,35.40593719482422,33.212947845458984,79,2027,success,"{""base_optimizer_parameters"":{""linesearch"":true,""sampling_dist"":""gaussian"",""sampling_scheme"":""full-rank"",""samps_per_iter"":128,""step_size"":0.03,""target_rank"":3},""data_seed"":2025,""initialization_seed"":2026,""iterations"":10000,""matrix_shape"":[30,30],""max_queries"":10000,""objective_noise"":0.0,""optimizer_seed"":2027,""recovery_parameters"":{""iters"":10}}",3.6317582922056317,
objective_vs_queries,pseudoinverse,singular_value_sum,77,9856,128,35.353431701660156,33.212947845458984,79,2027,success,"{""base_optimizer_parameters"":{""linesearch"":true,""sampling_dist"":""gaussian"",""sampling_scheme"":""full-rank"",""samps_per_iter"":128,""step_size"":0.03,""target_rank"":3},""data_seed"":2025,""initialization_seed"":2026,""iterations"":10000,""matrix_shape"":[30,30],""max_queries"":10000,""objective_noise"":0.0,""optimizer_seed"":2027,""recovery_parameters"":{""iters"":10}}",3.6317582922056317,
objective_vs_queries,pseudoinverse,singular_value_sum,78,9984,128,34.546180725097656,33.212947845458984,79,2027,success,"{""base_optimizer_parameters"":{""linesearch"":true,""sampling_dist"":""gaussian"",""sampling_scheme"":""full-rank"",""samps_per_iter"":128,""step_size"":0.03,""target_rank"":3},""data_seed"":2025,""initialization_seed"":2026,""iterations"":10000,""matrix_shape"":[30,30],""max_queries"":10000,""objective_noise"":0.0,""optimizer_seed"":2027,""recovery_parameters"":{""iters"":10}}",3.6317582922056317,
objective_vs_queries,pseudoinverse,singular_value_sum,79,10112,128,33.212947845458984,33.212947845458984,79,2027,success,"{""base_optimizer_parameters"":{""linesearch"":true,""sampling_dist"":""gaussian"",""sampling_scheme"":""full-rank"",""samps_per_iter"":128,""step_size"":0.03,""target_rank"":3},""data_seed"":2025,""initialization_seed"":2026,""iterations"":10000,""matrix_shape"":[30,30],""max_queries"":10000,""objective_noise"":0.0,""optimizer_seed"":2027,""recovery_parameters"":{""iters"":10}}",3.6317582922056317,
objective_vs_queries,rangefinder,ky_fan_regression,0,0,,38.678131103515625,18.414520263671875,21,2027,success,"{""base_optimizer_parameters"":{""linesearch"":true,""sampling_dist"":""gaussian"",""sampling_scheme"":""full-rank"",""samps_per_iter"":64,""step_size"":0.03,""target_rank"":3},""data_seed"":2025,""initialization_seed"":2026,""iterations"":10000,""matrix_shape"":[30,30],""max_queries"":10000,""objective_noise"":0.0,""optimizer_seed"":2027,""recovery_parameters"":{}}",0.7759511675685644,
objective_vs_queries,rangefinder,ky_fan_regression,1,481,,35.75574493408203,18.414520263671875,21,2027,success,"{""base_optimizer_parameters"":{""linesearch"":true,""sampling_dist"":""gaussian"",""sampling_scheme"":""full-rank"",""samps_per_iter"":64,""step_size"":0.03,""target_rank"":3},""data_seed"":2025,""initialization_seed"":2026,""iterations"":10000,""matrix_shape"":[30,30],""max_queries"":10000,""objective_noise"":0.0,""optimizer_seed"":2027,""recovery_parameters"":{}}",0.7759511675685644,
objective_vs_queries,rangefinder,ky_fan_regression,2,962,,34.19538879394531,18.414520263671875,21,2027,success,"{""base_optimizer_parameters"":{""linesearch"":true,""sampling_dist"":""gaussian"",""sampling_scheme"":""full-rank"",""samps_per_iter"":64,""step_size"":0.03,""target_rank"":3},""data_seed"":2025,""initialization_seed"":2026,""iterations"":10000,""matrix_shape"":[30,30],""max_queries"":10000,""objective_noise"":0.0,""optimizer_seed"":2027,""recovery_parameters"":{}}",0.7759511675685644,
objective_vs_queries,rangefinder,ky_fan_regression,3,1443,,32.12314224243164,18.414520263671875,21,2027,success,"{""base_optimizer_parameters"":{""linesearch"":true,""sampling_dist"":""gaussian"",""sampling_scheme"":""full-rank"",""samps_per_iter"":64,""step_size"":0.03,""target_rank"":3},""data_seed"":2025,""initialization_seed"":2026,""iterations"":10000,""matrix_shape"":[30,30],""max_queries"":10000,""objective_noise"":0.0,""optimizer_seed"":2027,""recovery_parameters"":{}}",0.7759511675685644,
objective_vs_queries,rangefinder,ky_fan_regression,4,1924,,31.630788803100586,18.414520263671875,21,2027,success,"{""base_optimizer_parameters"":{""linesearch"":true,""sampling_dist"":""gaussian"",""sampling_scheme"":""full-rank"",""samps_per_iter"":64,""step_size"":0.03,""target_rank"":3},""data_seed"":2025,""initialization_seed"":2026,""iterations"":10000,""matrix_shape"":[30,30],""max_queries"":10000,""objective_noise"":0.0,""optimizer_seed"":2027,""recovery_parameters"":{}}",0.7759511675685644,
objective_vs_queries,rangefinder,ky_fan_regression,5,2405,,29.69814109802246,18.414520263671875,21,2027,success,"{""base_optimizer_parameters"":{""linesearch"":true,""sampling_dist"":""gaussian"",""sampling_scheme"":""full-rank"",""samps_per_iter"":64,""step_size"":0.03,""target_rank"":3},""data_seed"":2025,""initialization_seed"":2026,""iterations"":10000,""matrix_shape"":[30,30],""max_queries"":10000,""objective_noise"":0.0,""optimizer_seed"":2027,""recovery_parameters"":{}}",0.7759511675685644,
objective_vs_queries,rangefinder,ky_fan_regression,6,2886,,29.062549591064453,18.414520263671875,21,2027,success,"{""base_optimizer_parameters"":{""linesearch"":true,""sampling_dist"":""gaussian"",""sampling_scheme"":""full-rank"",""samps_per_iter"":64,""step_size"":0.03,""target_rank"":3},""data_seed"":2025,""initialization_seed"":2026,""iterations"":10000,""matrix_shape"":[30,30],""max_queries"":10000,""objective_noise"":0.0,""optimizer_seed"":2027,""recovery_parameters"":{}}",0.7759511675685644,
objective_vs_queries,rangefinder,ky_fan_regression,7,3367,,28.519121170043945,18.414520263671875,21,2027,success,"{""base_optimizer_parameters"":{""linesearch"":true,""sampling_dist"":""gaussian"",""sampling_scheme"":""full-rank"",""samps_per_iter"":64,""step_size"":0.03,""target_rank"":3},""data_seed"":2025,""initialization_seed"":2026,""iterations"":10000,""matrix_shape"":[30,30],""max_queries"":10000,""objective_noise"":0.0,""optimizer_seed"":2027,""recovery_parameters"":{}}",0.7759511675685644,
objective_vs_queries,rangefinder,ky_fan_regression,8,3848,,27.14630126953125,18.414520263671875,21,2027,success,"{""base_optimizer_parameters"":{""linesearch"":true,""sampling_dist"":""gaussian"",""sampling_scheme"":""full-rank"",""samps_per_iter"":64,""step_size"":0.03,""target_rank"":3},""data_seed"":2025,""initialization_seed"":2026,""iterations"":10000,""matrix_shape"":[30,30],""max_queries"":10000,""objective_noise"":0.0,""optimizer_seed"":2027,""recovery_parameters"":{}}",0.7759511675685644,
objective_vs_queries,rangefinder,ky_fan_regression,9,4329,,26.12314224243164,18.414520263671875,21,2027,success,"{""base_optimizer_parameters"":{""linesearch"":true,""sampling_dist"":""gaussian"",""sampling_scheme"":""full-rank"",""samps_per_iter"":64,""step_size"":0.03,""target_rank"":3},""data_seed"":2025,""initialization_seed"":2026,""iterations"":10000,""matrix_shape"":[30,30],""max_queries"":10000,""objective_noise"":0.0,""optimizer_seed"":2027,""recovery_parameters"":{}}",0.7759511675685644,
objective_vs_queries,rangefinder,ky_fan_regression,10,4810,,25.84271240234375,18.414520263671875,21,2027,success,"{""base_optimizer_parameters"":{""linesearch"":true,""sampling_dist"":""gaussian"",""sampling_scheme"":""full-rank"",""samps_per_iter"":64,""step_size"":0.03,""target_rank"":3},""data_seed"":2025,""initialization_seed"":2026,""iterations"":10000,""matrix_shape"":[30,30],""max_queries"":10000,""objective_noise"":0.0,""optimizer_seed"":2027,""recovery_parameters"":{}}",0.7759511675685644,
objective_vs_queries,rangefinder,ky_fan_regression,11,5291,,25.138334274291992,18.414520263671875,21,2027,success,"{""base_optimizer_parameters"":{""linesearch"":true,""sampling_dist"":""gaussian"",""sampling_scheme"":""full-rank"",""samps_per_iter"":64,""step_size"":0.03,""target_rank"":3},""data_seed"":2025,""initialization_seed"":2026,""iterations"":10000,""matrix_shape"":[30,30],""max_queries"":10000,""objective_noise"":0.0,""optimizer_seed"":2027,""recovery_parameters"":{}}",0.7759511675685644,
objective_vs_queries,rangefinder,ky_fan_regression,12,5772,,24.05492401123047,18.414520263671875,21,2027,success,"{""base_optimizer_parameters"":{""linesearch"":true,""sampling_dist"":""gaussian"",""sampling_scheme"":""full-rank"",""samps_per_iter"":64,""step_size"":0.03,""target_rank"":3},""data_seed"":2025,""initialization_seed"":2026,""iterations"":10000,""matrix_shape"":[30,30],""max_queries"":10000,""objective_noise"":0.0,""optimizer_seed"":2027,""recovery_parameters"":{}}",0.7759511675685644,
objective_vs_queries,rangefinder,ky_fan_regression,13,6253,,23.123140335083008,18.414520263671875,21,2027,success,"{""base_optimizer_parameters"":{""linesearch"":true,""sampling_dist"":""gaussian"",""sampling_scheme"":""full-rank"",""samps_per_iter"":64,""step_size"":0.03,""target_rank"":3},""data_seed"":2025,""initialization_seed"":2026,""iterations"":10000,""matrix_shape"":[30,30],""max_queries"":10000,""objective_noise"":0.0,""optimizer_seed"":2027,""recovery_parameters"":{}}",0.7759511675685644,
objective_vs_queries,rangefinder,ky_fan_regression,14,6734,,22.845226287841797,18.414520263671875,21,2027,success,"{""base_optimizer_parameters"":{""linesearch"":true,""sampling_dist"":""gaussian"",""sampling_scheme"":""full-rank"",""samps_per_iter"":64,""step_size"":0.03,""target_rank"":3},""data_seed"":2025,""initialization_seed"":2026,""iterations"":10000,""matrix_shape"":[30,30],""max_queries"":10000,""objective_noise"":0.0,""optimizer_seed"":2027,""recovery_parameters"":{}}",0.7759511675685644,
objective_vs_queries,rangefinder,ky_fan_regression,15,7215,,22.478845596313477,18.414520263671875,21,2027,success,"{""base_optimizer_parameters"":{""linesearch"":true,""sampling_dist"":""gaussian"",""sampling_scheme"":""full-rank"",""samps_per_iter"":64,""step_size"":0.03,""target_rank"":3},""data_seed"":2025,""initialization_seed"":2026,""iterations"":10000,""matrix_shape"":[30,30],""max_queries"":10000,""objective_noise"":0.0,""optimizer_seed"":2027,""recovery_parameters"":{}}",0.7759511675685644,
objective_vs_queries,rangefinder,ky_fan_regression,16,7696,,21.538787841796875,18.414520263671875,21,2027,success,"{""base_optimizer_parameters"":{""linesearch"":true,""sampling_dist"":""gaussian"",""sampling_scheme"":""full-rank"",""samps_per_iter"":64,""step_size"":0.03,""target_rank"":3},""data_seed"":2025,""initialization_seed"":2026,""iterations"":10000,""matrix_shape"":[30,30],""max_queries"":10000,""objective_noise"":0.0,""optimizer_seed"":2027,""recovery_parameters"":{}}",0.7759511675685644,
objective_vs_queries,rangefinder,ky_fan_regression,17,8177,,20.180889129638672,18.414520263671875,21,2027,success,"{""base_optimizer_parameters"":{""linesearch"":true,""sampling_dist"":""gaussian"",""sampling_scheme"":""full-rank"",""samps_per_iter"":64,""step_size"":0.03,""target_rank"":3},""data_seed"":2025,""initialization_seed"":2026,""iterations"":10000,""matrix_shape"":[30,30],""max_queries"":10000,""objective_noise"":0.0,""optimizer_seed"":2027,""recovery_parameters"":{}}",0.7759511675685644,
objective_vs_queries,rangefinder,ky_fan_regression,18,8658,,19.960586547851562,18.414520263671875,21,2027,success,"{""base_optimizer_parameters"":{""linesearch"":true,""sampling_dist"":""gaussian"",""sampling_scheme"":""full-rank"",""samps_per_iter"":64,""step_size"":0.03,""target_rank"":3},""data_seed"":2025,""initialization_seed"":2026,""iterations"":10000,""matrix_shape"":[30,30],""max_queries"":10000,""objective_noise"":0.0,""optimizer_seed"":2027,""recovery_parameters"":{}}",0.7759511675685644,
objective_vs_queries,rangefinder,ky_fan_regression,19,9139,,19.69327735900879,18.414520263671875,21,2027,success,"{""base_optimizer_parameters"":{""linesearch"":true,""sampling_dist"":""gaussian"",""sampling_scheme"":""full-rank"",""samps_per_iter"":64,""step_size"":0.03,""target_rank"":3},""data_seed"":2025,""initialization_seed"":2026,""iterations"":10000,""matrix_shape"":[30,30],""max_queries"":10000,""objective_noise"":0.0,""optimizer_seed"":2027,""recovery_parameters"":{}}",0.7759511675685644,
objective_vs_queries,rangefinder,ky_fan_regression,20,9620,,19.120941162109375,18.414520263671875,21,2027,success,"{""base_optimizer_parameters"":{""linesearch"":true,""sampling_dist"":""gaussian"",""sampling_scheme"":""full-rank"",""samps_per_iter"":64,""step_size"":0.03,""target_rank"":3},""data_seed"":2025,""initialization_seed"":2026,""iterations"":10000,""matrix_shape"":[30,30],""max_queries"":10000,""objective_noise"":0.0,""optimizer_seed"":2027,""recovery_parameters"":{}}",0.7759511675685644,
objective_vs_queries,rangefinder,ky_fan_regression,21,10101,,18.414520263671875,18.414520263671875,21,2027,success,"{""base_optimizer_parameters"":{""linesearch"":true,""sampling_dist"":""gaussian"",""sampling_scheme"":""full-rank"",""samps_per_iter"":64,""step_size"":0.03,""target_rank"":3},""data_seed"":2025,""initialization_seed"":2026,""iterations"":10000,""matrix_shape"":[30,30],""max_queries"":10000,""objective_noise"":0.0,""optimizer_seed"":2027,""recovery_parameters"":{}}",0.7759511675685644,
objective_vs_queries,rangefinder,singular_value_sum,0,0,,428.63525390625,21.82206916809082,21,2027,success,"{""base_optimizer_parameters"":{""linesearch"":true,""sampling_dist"":""gaussian"",""sampling_scheme"":""full-rank"",""samps_per_iter"":64,""step_size"":0.03,""target_rank"":3},""data_seed"":2025,""initialization_seed"":2026,""iterations"":10000,""matrix_shape"":[30,30],""max_queries"":10000,""objective_noise"":0.0,""optimizer_seed"":2027,""recovery_parameters"":{}}",0.14679187536239624,
objective_vs_queries,rangefinder,singular_value_sum,1,481,,324.7480773925781,21.82206916809082,21,2027,success,"{""base_optimizer_parameters"":{""linesearch"":true,""sampling_dist"":""gaussian"",""sampling_scheme"":""full-rank"",""samps_per_iter"":64,""step_size"":0.03,""target_rank"":3},""data_seed"":2025,""initialization_seed"":2026,""iterations"":10000,""matrix_shape"":[30,30],""max_queries"":10000,""objective_noise"":0.0,""optimizer_seed"":2027,""recovery_parameters"":{}}",0.14679187536239624,
objective_vs_queries,rangefinder,singular_value_sum,2,962,,232.59698486328125,21.82206916809082,21,2027,success,"{""base_optimizer_parameters"":{""linesearch"":true,""sampling_dist"":""gaussian"",""sampling_scheme"":""full-rank"",""samps_per_iter"":64,""step_size"":0.03,""target_rank"":3},""data_seed"":2025,""initialization_seed"":2026,""iterations"":10000,""matrix_shape"":[30,30],""max_queries"":10000,""objective_noise"":0.0,""optimizer_seed"":2027,""recovery_parameters"":{}}",0.14679187536239624,
objective_vs_queries,rangefinder,singular_value_sum,3,1443,,193.3207550048828,21.82206916809082,21,2027,success,"{""base_optimizer_parameters"":{""linesearch"":true,""sampling_dist"":""gaussian"",""sampling_scheme"":""full-rank"",""samps_per_iter"":64,""step_size"":0.03,""target_rank"":3},""data_seed"":2025,""initialization_seed"":2026,""iterations"":10000,""matrix_shape"":[30,30],""max_queries"":10000,""objective_noise"":0.0,""optimizer_seed"":2027,""recovery_parameters"":{}}",0.14679187536239624,
objective_vs_queries,rangefinder,singular_value_sum,4,1924,,168.71627807617188,21.82206916809082,21,2027,success,"{""base_optimizer_parameters"":{""linesearch"":true,""sampling_dist"":""gaussian"",""sampling_scheme"":""full-rank"",""samps_per_iter"":64,""step_size"":0.03,""target_rank"":3},""data_seed"":2025,""initialization_seed"":2026,""iterations"":10000,""matrix_shape"":[30,30],""max_queries"":10000,""objective_noise"":0.0,""optimizer_seed"":2027,""recovery_parameters"":{}}",0.14679187536239624,
objective_vs_queries,rangefinder,singular_value_sum,5,2405,,143.13241577148438,21.82206916809082,21,2027,success,"{""base_optimizer_parameters"":{""linesearch"":true,""sampling_dist"":""gaussian"",""sampling_scheme"":""full-rank"",""samps_per_iter"":64,""step_size"":0.03,""target_rank"":3},""data_seed"":2025,""initialization_seed"":2026,""iterations"":10000,""matrix_shape"":[30,30],""max_queries"":10000,""objective_noise"":0.0,""optimizer_seed"":2027,""recovery_parameters"":{}}",0.14679187536239624,
objective_vs_queries,rangefinder,singular_value_sum,6,2886,,117.4643325805664,21.82206916809082,21,2027,success,"{""base_optimizer_parameters"":{""linesearch"":true,""sampling_dist"":""gaussian"",""sampling_scheme"":""full-rank"",""samps_per_iter"":64,""step_size"":0.03,""target_rank"":3},""data_seed"":2025,""initialization_seed"":2026,""iterations"":10000,""matrix_shape"":[30,30],""max_queries"":10000,""objective_noise"":0.0,""optimizer_seed"":2027,""recovery_parameters"":{}}",0.14679187536239624,
objective_vs_queries,rangefinder,singular_value_sum,7,3367,,103.50169372558594,21.82206916809082,21,2027,success,"{""base_optimizer_parameters"":{""linesearch"":true,""sampling_dist"":""gaussian"",""sampling_scheme"":""full-rank"",""samps_per_iter"":64,""step_size"":0.03,""target_rank"":3},""data_seed"":2025,""initialization_seed"":2026,""iterations"":10000,""matrix_shape"":[30,30],""max_queries"":10000,""objective_noise"":0.0,""optimizer_seed"":2027,""recovery_parameters"":{}}",0.14679187536239624,
objective_vs_queries,rangefinder,singular_value_sum,8,3848,,90.27230072021484,21.82206916809082,21,2027,success,"{""base_optimizer_parameters"":{""linesearch"":true,""sampling_dist"":""gaussian"",""sampling_scheme"":""full-rank"",""samps_per_iter"":64,""step_size"":0.03,""target_rank"":3},""data_seed"":2025,""initialization_seed"":2026,""iterations"":10000,""matrix_shape"":[30,30],""max_queries"":10000,""objective_noise"":0.0,""optimizer_seed"":2027,""recovery_parameters"":{}}",0.14679187536239624,
objective_vs_queries,rangefinder,singular_value_sum,9,4329,,79.12999725341797,21.82206916809082,21,2027,success,"{""base_optimizer_parameters"":{""linesearch"":true,""sampling_dist"":""gaussian"",""sampling_scheme"":""full-rank"",""samps_per_iter"":64,""step_size"":0.03,""target_rank"":3},""data_seed"":2025,""initialization_seed"":2026,""iterations"":10000,""matrix_shape"":[30,30],""max_queries"":10000,""objective_noise"":0.0,""optimizer_seed"":2027,""recovery_parameters"":{}}",0.14679187536239624,
objective_vs_queries,rangefinder,singular_value_sum,10,4810,,70.69657897949219,21.82206916809082,21,2027,success,"{""base_optimizer_parameters"":{""linesearch"":true,""sampling_dist"":""gaussian"",""sampling_scheme"":""full-rank"",""samps_per_iter"":64,""step_size"":0.03,""target_rank"":3},""data_seed"":2025,""initialization_seed"":2026,""iterations"":10000,""matrix_shape"":[30,30],""max_queries"":10000,""objective_noise"":0.0,""optimizer_seed"":2027,""recovery_parameters"":{}}",0.14679187536239624,
objective_vs_queries,rangefinder,singular_value_sum,11,5291,,59.41648483276367,21.82206916809082,21,2027,success,"{""base_optimizer_parameters"":{""linesearch"":true,""sampling_dist"":""gaussian"",""sampling_scheme"":""full-rank"",""samps_per_iter"":64,""step_size"":0.03,""target_rank"":3},""data_seed"":2025,""initialization_seed"":2026,""iterations"":10000,""matrix_shape"":[30,30],""max_queries"":10000,""objective_noise"":0.0,""optimizer_seed"":2027,""recovery_parameters"":{}}",0.14679187536239624,
objective_vs_queries,rangefinder,singular_value_sum,12,5772,,53.94734191894531,21.82206916809082,21,2027,success,"{""base_optimizer_parameters"":{""linesearch"":true,""sampling_dist"":""gaussian"",""sampling_scheme"":""full-rank"",""samps_per_iter"":64,""step_size"":0.03,""target_rank"":3},""data_seed"":2025,""initialization_seed"":2026,""iterations"":10000,""matrix_shape"":[30,30],""max_queries"":10000,""objective_noise"":0.0,""optimizer_seed"":2027,""recovery_parameters"":{}}",0.14679187536239624,
objective_vs_queries,rangefinder,singular_value_sum,13,6253,,48.92064666748047,21.82206916809082,21,2027,success,"{""base_optimizer_parameters"":{""linesearch"":true,""sampling_dist"":""gaussian"",""sampling_scheme"":""full-rank"",""samps_per_iter"":64,""step_size"":0.03,""target_rank"":3},""data_seed"":2025,""initialization_seed"":2026,""iterations"":10000,""matrix_shape"":[30,30],""max_queries"":10000,""objective_noise"":0.0,""optimizer_seed"":2027,""recovery_parameters"":{}}",0.14679187536239624,
objective_vs_queries,rangefinder,singular_value_sum,14,6734,,44.1996955871582,21.82206916809082,21,2027,success,"{""base_optimizer_parameters"":{""linesearch"":true,""sampling_dist"":""gaussian"",""sampling_scheme"":""full-rank"",""samps_per_iter"":64,""step_size"":0.03,""target_rank"":3},""data_seed"":2025,""initialization_seed"":2026,""iterations"":10000,""matrix_shape"":[30,30],""max_queries"":10000,""objective_noise"":0.0,""optimizer_seed"":2027,""recovery_parameters"":{}}",0.14679187536239624,
objective_vs_queries,rangefinder,singular_value_sum,15,7215,,39.532596588134766,21.82206916809082,21,2027,success,"{""base_optimizer_parameters"":{""linesearch"":true,""sampling_dist"":""gaussian"",""sampling_scheme"":""full-rank"",""samps_per_iter"":64,""step_size"":0.03,""target_rank"":3},""data_seed"":2025,""initialization_seed"":2026,""iterations"":10000,""matrix_shape"":[30,30],""max_queries"":10000,""objective_noise"":0.0,""optimizer_seed"":2027,""recovery_parameters"":{}}",0.14679187536239624,
objective_vs_queries,rangefinder,singular_value_sum,16,7696,,35.00059509277344,21.82206916809082,21,2027,success,"{""base_optimizer_parameters"":{""linesearch"":true,""sampling_dist"":""gaussian"",""sampling_scheme"":""full-rank"",""samps_per_iter"":64,""step_size"":0.03,""target_rank"":3},""data_seed"":2025,""initialization_seed"":2026,""iterations"":10000,""matrix_shape"":[30,30],""max_queries"":10000,""objective_noise"":0.0,""optimizer_seed"":2027,""recovery_parameters"":{}}",0.14679187536239624,
objective_vs_queries,rangefinder,singular_value_sum,17,8177,,33.05872344970703,21.82206916809082,21,2027,success,"{""base_optimizer_parameters"":{""linesearch"":true,""sampling_dist"":""gaussian"",""sampling_scheme"":""full-rank"",""samps_per_iter"":64,""step_size"":0.03,""target_rank"":3},""data_seed"":2025,""initialization_seed"":2026,""iterations"":10000,""matrix_shape"":[30,30],""max_queries"":10000,""objective_noise"":0.0,""optimizer_seed"":2027,""recovery_parameters"":{}}",0.14679187536239624,
objective_vs_queries,rangefinder,singular_value_sum,18,8658,,28.39212417602539,21.82206916809082,21,2027,success,"{""base_optimizer_parameters"":{""linesearch"":true,""sampling_dist"":""gaussian"",""sampling_scheme"":""full-rank"",""samps_per_iter"":64,""step_size"":0.03,""target_rank"":3},""data_seed"":2025,""initialization_seed"":2026,""iterations"":10000,""matrix_shape"":[30,30],""max_queries"":10000,""objective_noise"":0.0,""optimizer_seed"":2027,""recovery_parameters"":{}}",0.14679187536239624,
objective_vs_queries,rangefinder,singular_value_sum,19,9139,,26.506725311279297,21.82206916809082,21,2027,success,"{""base_optimizer_parameters"":{""linesearch"":true,""sampling_dist"":""gaussian"",""sampling_scheme"":""full-rank"",""samps_per_iter"":64,""step_size"":0.03,""target_rank"":3},""data_seed"":2025,""initialization_seed"":2026,""iterations"":10000,""matrix_shape"":[30,30],""max_queries"":10000,""objective_noise"":0.0,""optimizer_seed"":2027,""recovery_parameters"":{}}",0.14679187536239624,
objective_vs_queries,rangefinder,singular_value_sum,20,9620,,24.97926139831543,21.82206916809082,21,2027,success,"{""base_optimizer_parameters"":{""linesearch"":true,""sampling_dist"":""gaussian"",""sampling_scheme"":""full-rank"",""samps_per_iter"":64,""step_size"":0.03,""target_rank"":3},""data_seed"":2025,""initialization_seed"":2026,""iterations"":10000,""matrix_shape"":[30,30],""max_queries"":10000,""objective_noise"":0.0,""optimizer_seed"":2027,""recovery_parameters"":{}}",0.14679187536239624,
objective_vs_queries,rangefinder,singular_value_sum,21,10101,,21.82206916809082,21.82206916809082,21,2027,success,"{""base_optimizer_parameters"":{""linesearch"":true,""sampling_dist"":""gaussian"",""sampling_scheme"":""full-rank"",""samps_per_iter"":64,""step_size"":0.03,""target_rank"":3},""data_seed"":2025,""initialization_seed"":2026,""iterations"":10000,""matrix_shape"":[30,30],""max_queries"":10000,""objective_noise"":0.0,""optimizer_seed"":2027,""recovery_parameters"":{}}",0.14679187536239624,
objective_vs_queries,spectral_iterative_hard_thresholding,ky_fan_regression,0,0,256,38.678131103515625,10.63361930847168,40,2027,success,"{""base_optimizer_parameters"":{""linesearch"":true,""sampling_dist"":""gaussian"",""sampling_scheme"":""full-rank"",""samps_per_iter"":256,""step_size"":0.03,""target_rank"":3},""data_seed"":2025,""initialization_seed"":2026,""iterations"":10000,""matrix_shape"":[30,30],""max_queries"":10000,""objective_noise"":0.0,""optimizer_seed"":2027,""recovery_parameters"":{""iters"":10}}",0.425047917291522,
objective_vs_queries,spectral_iterative_hard_thresholding,ky_fan_regression,1,256,256,35.86286163330078,10.63361930847168,40,2027,success,"{""base_optimizer_parameters"":{""linesearch"":true,""sampling_dist"":""gaussian"",""sampling_scheme"":""full-rank"",""samps_per_iter"":256,""step_size"":0.03,""target_rank"":3},""data_seed"":2025,""initialization_seed"":2026,""iterations"":10000,""matrix_shape"":[30,30],""max_queries"":10000,""objective_noise"":0.0,""optimizer_seed"":2027,""recovery_parameters"":{""iters"":10}}",0.425047917291522,
objective_vs_queries,spectral_iterative_hard_thresholding,ky_fan_regression,2,512,256,34.374542236328125,10.63361930847168,40,2027,success,"{""base_optimizer_parameters"":{""linesearch"":true,""sampling_dist"":""gaussian"",""sampling_scheme"":""full-rank"",""samps_per_iter"":256,""step_size"":0.03,""target_rank"":3},""data_seed"":2025,""initialization_seed"":2026,""iterations"":10000,""matrix_shape"":[30,30],""max_queries"":10000,""objective_noise"":0.0,""optimizer_seed"":2027,""recovery_parameters"":{""iters"":10}}",0.425047917291522,
objective_vs_queries,spectral_iterative_hard_thresholding,ky_fan_regression,3,768,256,32.34931182861328,10.63361930847168,40,2027,success,"{""base_optimizer_parameters"":{""linesearch"":true,""sampling_dist"":""gaussian"",""sampling_scheme"":""full-rank"",""samps_per_iter"":256,""step_size"":0.03,""target_rank"":3},""data_seed"":2025,""initialization_seed"":2026,""iterations"":10000,""matrix_shape"":[30,30],""max_queries"":10000,""objective_noise"":0.0,""optimizer_seed"":2027,""recovery_parameters"":{""iters"":10}}",0.425047917291522,
objective_vs_queries,spectral_iterative_hard_thresholding,ky_fan_regression,4,1024,256,31.891141891479492,10.63361930847168,40,2027,success,"{""base_optimizer_parameters"":{""linesearch"":true,""sampling_dist"":""gaussian"",""sampling_scheme"":""full-rank"",""samps_per_iter"":256,""step_size"":0.03,""target_rank"":3},""data_seed"":2025,""initialization_seed"":2026,""iterations"":10000,""matrix_shape"":[30,30],""max_queries"":10000,""objective_noise"":0.0,""optimizer_seed"":2027,""recovery_parameters"":{""iters"":10}}",0.425047917291522,
objective_vs_queries,spectral_iterative_hard_thresholding,ky_fan_regression,5,1280,256,30.075645446777344,10.63361930847168,40,2027,success,"{""base_optimizer_parameters"":{""linesearch"":true,""sampling_dist"":""gaussian"",""sampling_scheme"":""full-rank"",""samps_per_iter"":256,""step_size"":0.03,""target_rank"":3},""data_seed"":2025,""initialization_seed"":2026,""iterations"":10000,""matrix_shape"":[30,30],""max_queries"":10000,""objective_noise"":0.0,""optimizer_seed"":2027,""recovery_parameters"":{""iters"":10}}",0.425047917291522,
objective_vs_queries,spectral_iterative_hard_thresholding,ky_fan_regression,6,1536,256,29.26791763305664,10.63361930847168,40,2027,success,"{""base_optimizer_parameters"":{""linesearch"":true,""sampling_dist"":""gaussian"",""sampling_scheme"":""full-rank"",""samps_per_iter"":256,""step_size"":0.03,""target_rank"":3},""data_seed"":2025,""initialization_seed"":2026,""iterations"":10000,""matrix_shape"":[30,30],""max_queries"":10000,""objective_noise"":0.0,""optimizer_seed"":2027,""recovery_parameters"":{""iters"":10}}",0.425047917291522,
objective_vs_queries,spectral_iterative_hard_thresholding,ky_fan_regression,7,1792,256,28.800228118896484,10.63361930847168,40,2027,success,"{""base_optimizer_parameters"":{""linesearch"":true,""sampling_dist"":""gaussian"",""sampling_scheme"":""full-rank"",""samps_per_iter"":256,""step_size"":0.03,""target_rank"":3},""data_seed"":2025,""initialization_seed"":2026,""iterations"":10000,""matrix_shape"":[30,30],""max_queries"":10000,""objective_noise"":0.0,""optimizer_seed"":2027,""recovery_parameters"":{""iters"":10}}",0.425047917291522,
objective_vs_queries,spectral_iterative_hard_thresholding,ky_fan_regression,8,2048,256,27.633346557617188,10.63361930847168,40,2027,success,"{""base_optimizer_parameters"":{""linesearch"":true,""sampling_dist"":""gaussian"",""sampling_scheme"":""full-rank"",""samps_per_iter"":256,""step_size"":0.03,""target_rank"":3},""data_seed"":2025,""initialization_seed"":2026,""iterations"":10000,""matrix_shape"":[30,30],""max_queries"":10000,""objective_noise"":0.0,""optimizer_seed"":2027,""recovery_parameters"":{""iters"":10}}",0.425047917291522,
objective_vs_queries,spectral_iterative_hard_thresholding,ky_fan_regression,9,2304,256,26.667348861694336,10.63361930847168,40,2027,success,"{""base_optimizer_parameters"":{""linesearch"":true,""sampling_dist"":""gaussian"",""sampling_scheme"":""full-rank"",""samps_per_iter"":256,""step_size"":0.03,""target_rank"":3},""data_seed"":2025,""initialization_seed"":2026,""iterations"":10000,""matrix_shape"":[30,30],""max_queries"":10000,""objective_noise"":0.0,""optimizer_seed"":2027,""recovery_parameters"":{""iters"":10}}",0.425047917291522,
objective_vs_queries,spectral_iterative_hard_thresholding,ky_fan_regression,10,2560,256,26.168071746826172,10.63361930847168,40,2027,success,"{""base_optimizer_parameters"":{""linesearch"":true,""sampling_dist"":""gaussian"",""sampling_scheme"":""full-rank"",""samps_per_iter"":256,""step_size"":0.03,""target_rank"":3},""data_seed"":2025,""initialization_seed"":2026,""iterations"":10000,""matrix_shape"":[30,30],""max_queries"":10000,""objective_noise"":0.0,""optimizer_seed"":2027,""recovery_parameters"":{""iters"":10}}",0.425047917291522,
objective_vs_queries,spectral_iterative_hard_thresholding,ky_fan_regression,11,2816,256,25.554401397705078,10.63361930847168,40,2027,success,"{""base_optimizer_parameters"":{""linesearch"":true,""sampling_dist"":""gaussian"",""sampling_scheme"":""full-rank"",""samps_per_iter"":256,""step_size"":0.03,""target_rank"":3},""data_seed"":2025,""initialization_seed"":2026,""iterations"":10000,""matrix_shape"":[30,30],""max_queries"":10000,""objective_noise"":0.0,""optimizer_seed"":2027,""recovery_parameters"":{""iters"":10}}",0.425047917291522,
objective_vs_queries,spectral_iterative_hard_thresholding,ky_fan_regression,12,3072,256,24.580045700073242,10.63361930847168,40,2027,success,"{""base_optimizer_parameters"":{""linesearch"":true,""sampling_dist"":""gaussian"",""sampling_scheme"":""full-rank"",""samps_per_iter"":256,""step_size"":0.03,""target_rank"":3},""data_seed"":2025,""initialization_seed"":2026,""iterations"":10000,""matrix_shape"":[30,30],""max_queries"":10000,""objective_noise"":0.0,""optimizer_seed"":2027,""recovery_parameters"":{""iters"":10}}",0.425047917291522,
objective_vs_queries,spectral_iterative_hard_thresholding,ky_fan_regression,13,3328,256,23.86211585998535,10.63361930847168,40,2027,success,"{""base_optimizer_parameters"":{""linesearch"":true,""sampling_dist"":""gaussian"",""sampling_scheme"":""full-rank"",""samps_per_iter"":256,""step_size"":0.03,""target_rank"":3},""data_seed"":2025,""initialization_seed"":2026,""iterations"":10000,""matrix_shape"":[30,30],""max_queries"":10000,""objective_noise"":0.0,""optimizer_seed"":2027,""recovery_parameters"":{""iters"":10}}",0.425047917291522,
objective_vs_queries,spectral_iterative_hard_thresholding,ky_fan_regression,14,3584,256,23.35150909423828,10.63361930847168,40,2027,success,"{""base_optimizer_parameters"":{""linesearch"":true,""sampling_dist"":""gaussian"",""sampling_scheme"":""full-rank"",""samps_per_iter"":256,""step_size"":0.03,""target_rank"":3},""data_seed"":2025,""initialization_seed"":2026,""iterations"":10000,""matrix_shape"":[30,30],""max_queries"":10000,""objective_noise"":0.0,""optimizer_seed"":2027,""recovery_parameters"":{""iters"":10}}",0.425047917291522,
objective_vs_queries,spectral_iterative_hard_thresholding,ky_fan_regression,15,3840,256,22.752168655395508,10.63361930847168,40,2027,success,"{""base_optimizer_parameters"":{""linesearch"":true,""sampling_dist"":""gaussian"",""sampling_scheme"":""full-rank"",""samps_per_iter"":256,""step_size"":0.03,""target_rank"":3},""data_seed"":2025,""initialization_seed"":2026,""iterations"":10000,""matrix_shape"":[30,30],""max_queries"":10000,""objective_noise"":0.0,""optimizer_seed"":2027,""recovery_parameters"":{""iters"":10}}",0.425047917291522,
objective_vs_queries,spectral_iterative_hard_thresholding,ky_fan_regression,16,4096,256,22.06429672241211,10.63361930847168,40,2027,success,"{""base_optimizer_parameters"":{""linesearch"":true,""sampling_dist"":""gaussian"",""sampling_scheme"":""full-rank"",""samps_per_iter"":256,""step_size"":0.03,""target_rank"":3},""data_seed"":2025,""initialization_seed"":2026,""iterations"":10000,""matrix_shape"":[30,30],""max_queries"":10000,""objective_noise"":0.0,""optimizer_seed"":2027,""recovery_parameters"":{""iters"":10}}",0.425047917291522,
objective_vs_queries,spectral_iterative_hard_thresholding,ky_fan_regression,17,4352,256,21.209272384643555,10.63361930847168,40,2027,success,"{""base_optimizer_parameters"":{""linesearch"":true,""sampling_dist"":""gaussian"",""sampling_scheme"":""full-rank"",""samps_per_iter"":256,""step_size"":0.03,""target_rank"":3},""data_seed"":2025,""initialization_seed"":2026,""iterations"":10000,""matrix_shape"":[30,30],""max_queries"":10000,""objective_noise"":0.0,""optimizer_seed"":2027,""recovery_parameters"":{""iters"":10}}",0.425047917291522,
objective_vs_queries,spectral_iterative_hard_thresholding,ky_fan_regression,18,4608,256,20.6521053314209,10.63361930847168,40,2027,success,"{""base_optimizer_parameters"":{""linesearch"":true,""sampling_dist"":""gaussian"",""sampling_scheme"":""full-rank"",""samps_per_iter"":256,""step_size"":0.03,""target_rank"":3},""data_seed"":2025,""initialization_seed"":2026,""iterations"":10000,""matrix_shape"":[30,30],""max_queries"":10000,""objective_noise"":0.0,""optimizer_seed"":2027,""recovery_parameters"":{""iters"":10}}",0.425047917291522,
objective_vs_queries,spectral_iterative_hard_thresholding,ky_fan_regression,19,4864,256,20.09585952758789,10.63361930847168,40,2027,success,"{""base_optimizer_parameters"":{""linesearch"":true,""sampling_dist"":""gaussian"",""sampling_scheme"":""full-rank"",""samps_per_iter"":256,""step_size"":0.03,""target_rank"":3},""data_seed"":2025,""initialization_seed"":2026,""iterations"":10000,""matrix_shape"":[30,30],""max_queries"":10000,""objective_noise"":0.0,""optimizer_seed"":2027,""recovery_parameters"":{""iters"":10}}",0.425047917291522,
objective_vs_queries,spectral_iterative_hard_thresholding,ky_fan_regression,20,5120,256,19.63100242614746,10.63361930847168,40,2027,success,"{""base_optimizer_parameters"":{""linesearch"":true,""sampling_dist"":""gaussian"",""sampling_scheme"":""full-rank"",""samps_per_iter"":256,""step_size"":0.03,""target_rank"":3},""data_seed"":2025,""initialization_seed"":2026,""iterations"":10000,""matrix_shape"":[30,30],""max_queries"":10000,""objective_noise"":0.0,""optimizer_seed"":2027,""recovery_parameters"":{""iters"":10}}",0.425047917291522,
objective_vs_queries,spectral_iterative_hard_thresholding,ky_fan_regression,21,5376,256,18.92715072631836,10.63361930847168,40,2027,success,"{""base_optimizer_parameters"":{""linesearch"":true,""sampling_dist"":""gaussian"",""sampling_scheme"":""full-rank"",""samps_per_iter"":256,""step_size"":0.03,""target_rank"":3},""data_seed"":2025,""initialization_seed"":2026,""iterations"":10000,""matrix_shape"":[30,30],""max_queries"":10000,""objective_noise"":0.0,""optimizer_seed"":2027,""recovery_parameters"":{""iters"":10}}",0.425047917291522,
objective_vs_queries,spectral_iterative_hard_thresholding,ky_fan_regression,22,5632,256,18.308326721191406,10.63361930847168,40,2027,success,"{""base_optimizer_parameters"":{""linesearch"":true,""sampling_dist"":""gaussian"",""sampling_scheme"":""full-rank"",""samps_per_iter"":256,""step_size"":0.03,""target_rank"":3},""data_seed"":2025,""initialization_seed"":2026,""iterations"":10000,""matrix_shape"":[30,30],""max_queries"":10000,""objective_noise"":0.0,""optimizer_seed"":2027,""recovery_parameters"":{""iters"":10}}",0.425047917291522,
objective_vs_queries,spectral_iterative_hard_thresholding,ky_fan_regression,23,5888,256,17.928081512451172,10.63361930847168,40,2027,success,"{""base_optimizer_parameters"":{""linesearch"":true,""sampling_dist"":""gaussian"",""sampling_scheme"":""full-rank"",""samps_per_iter"":256,""step_size"":0.03,""target_rank"":3},""data_seed"":2025,""initialization_seed"":2026,""iterations"":10000,""matrix_shape"":[30,30],""max_queries"":10000,""objective_noise"":0.0,""optimizer_seed"":2027,""recovery_parameters"":{""iters"":10}}",0.425047917291522,
objective_vs_queries,spectral_iterative_hard_thresholding,ky_fan_regression,24,6144,256,17.285907745361328,10.63361930847168,40,2027,success,"{""base_optimizer_parameters"":{""linesearch"":true,""sampling_dist"":""gaussian"",""sampling_scheme"":""full-rank"",""samps_per_iter"":256,""step_size"":0.03,""target_rank"":3},""data_seed"":2025,""initialization_seed"":2026,""iterations"":10000,""matrix_shape"":[30,30],""max_queries"":10000,""objective_noise"":0.0,""optimizer_seed"":2027,""recovery_parameters"":{""iters"":10}}",0.425047917291522,
objective_vs_queries,spectral_iterative_hard_thresholding,ky_fan_regression,25,6400,256,16.798519134521484,10.63361930847168,40,2027,success,"{""base_optimizer_parameters"":{""linesearch"":true,""sampling_dist"":""gaussian"",""sampling_scheme"":""full-rank"",""samps_per_iter"":256,""step_size"":0.03,""target_rank"":3},""data_seed"":2025,""initialization_seed"":2026,""iterations"":10000,""matrix_shape"":[30,30],""max_queries"":10000,""objective_noise"":0.0,""optimizer_seed"":2027,""recovery_parameters"":{""iters"":10}}",0.425047917291522,
objective_vs_queries,spectral_iterative_hard_thresholding,ky_fan_regression,26,6656,256,16.35511016845703,10.63361930847168,40,2027,success,"{""base_optimizer_parameters"":{""linesearch"":true,""sampling_dist"":""gaussian"",""sampling_scheme"":""full-rank"",""samps_per_iter"":256,""step_size"":0.03,""target_rank"":3},""data_seed"":2025,""initialization_seed"":2026,""iterations"":10000,""matrix_shape"":[30,30],""max_queries"":10000,""objective_noise"":0.0,""optimizer_seed"":2027,""recovery_parameters"":{""iters"":10}}",0.425047917291522,
objective_vs_queries,spectral_iterative_hard_thresholding,ky_fan_regression,27,6912,256,15.832338333129883,10.63361930847168,40,2027,success,"{""base_optimizer_parameters"":{""linesearch"":true,""sampling_dist"":""gaussian"",""sampling_scheme"":""full-rank"",""samps_per_iter"":256,""step_size"":0.03,""target_rank"":3},""data_seed"":2025,""initialization_seed"":2026,""iterations"":10000,""matrix_shape"":[30,30],""max_queries"":10000,""objective_noise"":0.0,""optimizer_seed"":2027,""recovery_parameters"":{""iters"":10}}",0.425047917291522,
objective_vs_queries,spectral_iterative_hard_thresholding,ky_fan_regression,28,7168,256,15.339376449584961,10.63361930847168,40,2027,success,"{""base_optimizer_parameters"":{""linesearch"":true,""sampling_dist"":""gaussian"",""sampling_scheme"":""full-rank"",""samps_per_iter"":256,""step_size"":0.03,""target_rank"":3},""data_seed"":2025,""initialization_seed"":2026,""iterations"":10000,""matrix_shape"":[30,30],""max_queries"":10000,""objective_noise"":0.0,""optimizer_seed"":2027,""recovery_parameters"":{""iters"":10}}",0.425047917291522,
objective_vs_queries,spectral_iterative_hard_thresholding,ky_fan_regression,29,7424,256,15.077459335327148,10.63361930847168,40,2027,success,"{""base_optimizer_parameters"":{""linesearch"":true,""sampling_dist"":""gaussian"",""sampling_scheme"":""full-rank"",""samps_per_iter"":256,""step_size"":0.03,""target_rank"":3},""data_seed"":2025,""initialization_seed"":2026,""iterations"":10000,""matrix_shape"":[30,30],""max_queries"":10000,""objective_noise"":0.0,""optimizer_seed"":2027,""recovery_parameters"":{""iters"":10}}",0.425047917291522,
objective_vs_queries,spectral_iterative_hard_thresholding,ky_fan_regression,30,7680,256,14.65139389038086,10.63361930847168,40,2027,success,"{""base_optimizer_parameters"":{""linesearch"":true,""sampling_dist"":""gaussian"",""sampling_scheme"":""full-rank"",""samps_per_iter"":256,""step_size"":0.03,""target_rank"":3},""data_seed"":2025,""initialization_seed"":2026,""iterations"":10000,""matrix_shape"":[30,30],""max_queries"":10000,""objective_noise"":0.0,""optimizer_seed"":2027,""recovery_parameters"":{""iters"":10}}",0.425047917291522,
objective_vs_queries,spectral_iterative_hard_thresholding,ky_fan_regression,31,7936,256,14.132415771484375,10.63361930847168,40,2027,success,"{""base_optimizer_parameters"":{""linesearch"":true,""sampling_dist"":""gaussian"",""sampling_scheme"":""full-rank"",""samps_per_iter"":256,""step_size"":0.03,""target_rank"":3},""data_seed"":2025,""initialization_seed"":2026,""iterations"":10000,""matrix_shape"":[30,30],""max_queries"":10000,""objective_noise"":0.0,""optimizer_seed"":2027,""recovery_parameters"":{""iters"":10}}",0.425047917291522,
objective_vs_queries,spectral_iterative_hard_thresholding,ky_fan_regression,32,8192,256,13.71755599975586,10.63361930847168,40,2027,success,"{""base_optimizer_parameters"":{""linesearch"":true,""sampling_dist"":""gaussian"",""sampling_scheme"":""full-rank"",""samps_per_iter"":256,""step_size"":0.03,""target_rank"":3},""data_seed"":2025,""initialization_seed"":2026,""iterations"":10000,""matrix_shape"":[30,30],""max_queries"":10000,""objective_noise"":0.0,""optimizer_seed"":2027,""recovery_parameters"":{""iters"":10}}",0.425047917291522,
objective_vs_queries,spectral_iterative_hard_thresholding,ky_fan_regression,33,8448,256,13.23829460144043,10.63361930847168,40,2027,success,"{""base_optimizer_parameters"":{""linesearch"":true,""sampling_dist"":""gaussian"",""sampling_scheme"":""full-rank"",""samps_per_iter"":256,""step_size"":0.03,""target_rank"":3},""data_seed"":2025,""initialization_seed"":2026,""iterations"":10000,""matrix_shape"":[30,30],""max_queries"":10000,""objective_noise"":0.0,""optimizer_seed"":2027,""recovery_parameters"":{""iters"":10}}",0.425047917291522,
objective_vs_queries,spectral_iterative_hard_thresholding,ky_fan_regression,34,8704,256,12.724006652832031,10.63361930847168,40,2027,success,"{""base_optimizer_parameters"":{""linesearch"":true,""sampling_dist"":""gaussian"",""sampling_scheme"":""full-rank"",""samps_per_iter"":256,""step_size"":0.03,""target_rank"":3},""data_seed"":2025,""initialization_seed"":2026,""iterations"":10000,""matrix_shape"":[30,30],""max_queries"":10000,""objective_noise"":0.0,""optimizer_seed"":2027,""recovery_parameters"":{""iters"":10}}",0.425047917291522,
objective_vs_queries,spectral_iterative_hard_thresholding,ky_fan_regression,35,8960,256,12.330631256103516,10.63361930847168,40,2027,success,"{""base_optimizer_parameters"":{""linesearch"":true,""sampling_dist"":""gaussian"",""sampling_scheme"":""full-rank"",""samps_per_iter"":256,""step_size"":0.03,""target_rank"":3},""data_seed"":2025,""initialization_seed"":2026,""iterations"":10000,""matrix_shape"":[30,30],""max_queries"":10000,""objective_noise"":0.0,""optimizer_seed"":2027,""recovery_parameters"":{""iters"":10}}",0.425047917291522,
objective_vs_queries,spectral_iterative_hard_thresholding,ky_fan_regression,36,9216,256,12.072793006896973,10.63361930847168,40,2027,success,"{""base_optimizer_parameters"":{""linesearch"":true,""sampling_dist"":""gaussian"",""sampling_scheme"":""full-rank"",""samps_per_iter"":256,""step_size"":0.03,""target_rank"":3},""data_seed"":2025,""initialization_seed"":2026,""iterations"":10000,""matrix_shape"":[30,30],""max_queries"":10000,""objective_noise"":0.0,""optimizer_seed"":2027,""recovery_parameters"":{""iters"":10}}",0.425047917291522,
objective_vs_queries,spectral_iterative_hard_thresholding,ky_fan_regression,37,9472,256,11.727188110351562,10.63361930847168,40,2027,success,"{""base_optimizer_parameters"":{""linesearch"":true,""sampling_dist"":""gaussian"",""sampling_scheme"":""full-rank"",""samps_per_iter"":256,""step_size"":0.03,""target_rank"":3},""data_seed"":2025,""initialization_seed"":2026,""iterations"":10000,""matrix_shape"":[30,30],""max_queries"":10000,""objective_noise"":0.0,""optimizer_seed"":2027,""recovery_parameters"":{""iters"":10}}",0.425047917291522,
objective_vs_queries,spectral_iterative_hard_thresholding,ky_fan_regression,38,9728,256,11.288996696472168,10.63361930847168,40,2027,success,"{""base_optimizer_parameters"":{""linesearch"":true,""sampling_dist"":""gaussian"",""sampling_scheme"":""full-rank"",""samps_per_iter"":256,""step_size"":0.03,""target_rank"":3},""data_seed"":2025,""initialization_seed"":2026,""iterations"":10000,""matrix_shape"":[30,30],""max_queries"":10000,""objective_noise"":0.0,""optimizer_seed"":2027,""recovery_parameters"":{""iters"":10}}",0.425047917291522,
objective_vs_queries,spectral_iterative_hard_thresholding,ky_fan_regression,39,9984,256,10.97680377960205,10.63361930847168,40,2027,success,"{""base_optimizer_parameters"":{""linesearch"":true,""sampling_dist"":""gaussian"",""sampling_scheme"":""full-rank"",""samps_per_iter"":256,""step_size"":0.03,""target_rank"":3},""data_seed"":2025,""initialization_seed"":2026,""iterations"":10000,""matrix_shape"":[30,30],""max_queries"":10000,""objective_noise"":0.0,""optimizer_seed"":2027,""recovery_parameters"":{""iters"":10}}",0.425047917291522,
objective_vs_queries,spectral_iterative_hard_thresholding,ky_fan_regression,40,10240,256,10.63361930847168,10.63361930847168,40,2027,success,"{""base_optimizer_parameters"":{""linesearch"":true,""sampling_dist"":""gaussian"",""sampling_scheme"":""full-rank"",""samps_per_iter"":256,""step_size"":0.03,""target_rank"":3},""data_seed"":2025,""initialization_seed"":2026,""iterations"":10000,""matrix_shape"":[30,30],""max_queries"":10000,""objective_noise"":0.0,""optimizer_seed"":2027,""recovery_parameters"":{""iters"":10}}",0.425047917291522,
objective_vs_queries,spectral_iterative_hard_thresholding,singular_value_sum,0,0,512,428.63525390625,62.55158233642578,20,2027,success,"{""base_optimizer_parameters"":{""linesearch"":true,""sampling_dist"":""gaussian"",""sampling_scheme"":""full-rank"",""samps_per_iter"":512,""step_size"":0.03,""target_rank"":3},""data_seed"":2025,""initialization_seed"":2026,""iterations"":10000,""matrix_shape"":[30,30],""max_queries"":10000,""objective_noise"":0.0,""optimizer_seed"":2027,""recovery_parameters"":{""iters"":10}}",0.35202341713011265,
objective_vs_queries,spectral_iterative_hard_thresholding,singular_value_sum,1,512,512,357.6589050292969,62.55158233642578,20,2027,success,"{""base_optimizer_parameters"":{""linesearch"":true,""sampling_dist"":""gaussian"",""sampling_scheme"":""full-rank"",""samps_per_iter"":512,""step_size"":0.03,""target_rank"":3},""data_seed"":2025,""initialization_seed"":2026,""iterations"":10000,""matrix_shape"":[30,30],""max_queries"":10000,""objective_noise"":0.0,""optimizer_seed"":2027,""recovery_parameters"":{""iters"":10}}",0.35202341713011265,
objective_vs_queries,spectral_iterative_hard_thresholding,singular_value_sum,2,1024,512,313.0928039550781,62.55158233642578,20,2027,success,"{""base_optimizer_parameters"":{""linesearch"":true,""sampling_dist"":""gaussian"",""sampling_scheme"":""full-rank"",""samps_per_iter"":512,""step_size"":0.03,""target_rank"":3},""data_seed"":2025,""initialization_seed"":2026,""iterations"":10000,""matrix_shape"":[30,30],""max_queries"":10000,""objective_noise"":0.0,""optimizer_seed"":2027,""recovery_parameters"":{""iters"":10}}",0.35202341713011265,
objective_vs_queries,spectral_iterative_hard_thresholding,singular_value_sum,3,1536,512,281.95867919921875,62.55158233642578,20,2027,success,"{""base_optimizer_parameters"":{""linesearch"":true,""sampling_dist"":""gaussian"",""sampling_scheme"":""full-rank"",""samps_per_iter"":512,""step_size"":0.03,""target_rank"":3},""data_seed"":2025,""initialization_seed"":2026,""iterations"":10000,""matrix_shape"":[30,30],""max_queries"":10000,""objective_noise"":0.0,""optimizer_seed"":2027,""recovery_parameters"":{""iters"":10}}",0.35202341713011265,
objective_vs_queries,spectral_iterative_hard_thresholding,singular_value_sum,4,2048,512,251.46621704101562,62.55158233642578,20,2027,success,"{""base_optimizer_parameters"":{""linesearch"":true,""sampling_dist"":""gaussian"",""sampling_scheme"":""full-rank"",""samps_per_iter"":512,""step_size"":0.03,""target_rank"":3},""data_seed"":2025,""initialization_seed"":2026,""iterations"":10000,""matrix_shape"":[30,30],""max_queries"":10000,""objective_noise"":0.0,""optimizer_seed"":2027,""recovery_parameters"":{""iters"":10}}",0.35202341713011265,
objective_vs_queries,spectral_iterative_hard_thresholding,singular_value_sum,5,2560,512,225.10055541992188,62.55158233642578,20,2027,success,"{""base_optimizer_parameters"":{""linesearch"":true,""sampling_dist"":""gaussian"",""sampling_scheme"":""full-rank"",""samps_per_iter"":512,""step_size"":0.03,""target_rank"":3},""data_seed"":2025,""initialization_seed"":2026,""iterations"":10000,""matrix_shape"":[30,30],""max_queries"":10000,""objective_noise"":0.0,""optimizer_seed"":2027,""recovery_parameters"":{""iters"":10}}",0.35202341713011265,
objective_vs_queries,spectral_iterative_hard_thresholding,singular_value_sum,6,3072,512,204.71566772460938,62.55158233642578,20,2027,success,"{""base_optimizer_parameters"":{""linesearch"":true,""sampling_dist"":""gaussian"",""sampling_scheme"":""full-rank"",""samps_per_iter"":512,""step_size"":0.03,""target_rank"":3},""data_seed"":2025,""initialization_seed"":2026,""iterations"":10000,""matrix_shape"":[30,30],""max_queries"":10000,""objective_noise"":0.0,""optimizer_seed"":2027,""recovery_parameters"":{""iters"":10}}",0.35202341713011265,
objective_vs_queries,spectral_iterative_hard_thresholding,singular_value_sum,7,3584,512,188.7325897216797,62.55158233642578,20,2027,success,"{""base_optimizer_parameters"":{""linesearch"":true,""sampling_dist"":""gaussian"",""sampling_scheme"":""full-rank"",""samps_per_iter"":512,""step_size"":0.03,""target_rank"":3},""data_seed"":2025,""initialization_seed"":2026,""iterations"":10000,""matrix_shape"":[30,30],""max_queries"":10000,""objective_noise"":0.0,""optimizer_seed"":2027,""recovery_parameters"":{""iters"":10}}",0.35202341713011265,
objective_vs_queries,spectral_iterative_hard_thresholding,singular_value_sum,8,4096,512,171.4859161376953,62.55158233642578,20,2027,success,"{""base_optimizer_parameters"":{""linesearch"":true,""sampling_dist"":""gaussian"",""sampling_scheme"":""full-rank"",""samps_per_iter"":512,""step_size"":0.03,""target_rank"":3},""data_seed"":2025,""initialization_seed"":2026,""iterations"":10000,""matrix_shape"":[30,30],""max_queries"":10000,""objective_noise"":0.0,""optimizer_seed"":2027,""recovery_parameters"":{""iters"":10}}",0.35202341713011265,
objective_vs_queries,spectral_iterative_hard_thresholding,singular_value_sum,9,4608,512,157.10992431640625,62.55158233642578,20,2027,success,"{""base_optimizer_parameters"":{""linesearch"":true,""sampling_dist"":""gaussian"",""sampling_scheme"":""full-rank"",""samps_per_iter"":512,""step_size"":0.03,""target_rank"":3},""data_seed"":2025,""initialization_seed"":2026,""iterations"":10000,""matrix_shape"":[30,30],""max_queries"":10000,""objective_noise"":0.0,""optimizer_seed"":2027,""recovery_parameters"":{""iters"":10}}",0.35202341713011265,
objective_vs_queries,spectral_iterative_hard_thresholding,singular_value_sum,10,5120,512,144.1715545654297,62.55158233642578,20,2027,success,"{""base_optimizer_parameters"":{""linesearch"":true,""sampling_dist"":""gaussian"",""sampling_scheme"":""full-rank"",""samps_per_iter"":512,""step_size"":0.03,""target_rank"":3},""data_seed"":2025,""initialization_seed"":2026,""iterations"":10000,""matrix_shape"":[30,30],""max_queries"":10000,""objective_noise"":0.0,""optimizer_seed"":2027,""recovery_parameters"":{""iters"":10}}",0.35202341713011265,
objective_vs_queries,spectral_iterative_hard_thresholding,singular_value_sum,11,5632,512,134.9807891845703,62.55158233642578,20,2027,success,"{""base_optimizer_parameters"":{""linesearch"":true,""sampling_dist"":""gaussian"",""sampling_scheme"":""full-rank"",""samps_per_iter"":512,""step_size"":0.03,""target_rank"":3},""data_seed"":2025,""initialization_seed"":2026,""iterations"":10000,""matrix_shape"":[30,30],""max_queries"":10000,""objective_noise"":0.0,""optimizer_seed"":2027,""recovery_parameters"":{""iters"":10}}",0.35202341713011265,
objective_vs_queries,spectral_iterative_hard_thresholding,singular_value_sum,12,6144,512,120.4688949584961,62.55158233642578,20,2027,success,"{""base_optimizer_parameters"":{""linesearch"":true,""sampling_dist"":""gaussian"",""sampling_scheme"":""full-rank"",""samps_per_iter"":512,""step_size"":0.03,""target_rank"":3},""data_seed"":2025,""initialization_seed"":2026,""iterations"":10000,""matrix_shape"":[30,30],""max_queries"":10000,""objective_noise"":0.0,""optimizer_seed"":2027,""recovery_parameters"":{""iters"":10}}",0.35202341713011265,
objective_vs_queries,spectral_iterative_hard_thresholding,singular_value_sum,13,6656,512,112.03873443603516,62.55158233642578,20,2027,success,"{""base_optimizer_parameters"":{""linesearch"":true,""sampling_dist"":""gaussian"",""sampling_scheme"":""full-rank"",""samps_per_iter"":512,""step_size"":0.03,""target_rank"":3},""data_seed"":2025,""initialization_seed"":2026,""iterations"":10000,""matrix_shape"":[30,30],""max_queries"":10000,""objective_noise"":0.0,""optimizer_seed"":2027,""recovery_parameters"":{""iters"":10}}",0.35202341713011265,
objective_vs_queries,spectral_iterative_hard_thresholding,singular_value_sum,14,7168,512,105.37940216064453,62.55158233642578,20,2027,success,"{""base_optimizer_parameters"":{""linesearch"":true,""sampling_dist"":""gaussian"",""sampling_scheme"":""full-rank"",""samps_per_iter"":512,""step_size"":0.03,""target_rank"":3},""data_seed"":2025,""initialization_seed"":2026,""iterations"":10000,""matrix_shape"":[30,30],""max_queries"":10000,""objective_noise"":0.0,""optimizer_seed"":2027,""recovery_parameters"":{""iters"":10}}",0.35202341713011265,
objective_vs_queries,spectral_iterative_hard_thresholding,singular_value_sum,15,7680,512,97.74776458740234,62.55158233642578,20,2027,success,"{""base_optimizer_parameters"":{""linesearch"":true,""sampling_dist"":""gaussian"",""sampling_scheme"":""full-rank"",""samps_per_iter"":512,""step_size"":0.03,""target_rank"":3},""data_seed"":2025,""initialization_seed"":2026,""iterations"":10000,""matrix_shape"":[30,30],""max_queries"":10000,""objective_noise"":0.0,""optimizer_seed"":2027,""recovery_parameters"":{""iters"":10}}",0.35202341713011265,
objective_vs_queries,spectral_iterative_hard_thresholding,singular_value_sum,16,8192,512,90.21165466308594,62.55158233642578,20,2027,success,"{""base_optimizer_parameters"":{""linesearch"":true,""sampling_dist"":""gaussian"",""sampling_scheme"":""full-rank"",""samps_per_iter"":512,""step_size"":0.03,""target_rank"":3},""data_seed"":2025,""initialization_seed"":2026,""iterations"":10000,""matrix_shape"":[30,30],""max_queries"":10000,""objective_noise"":0.0,""optimizer_seed"":2027,""recovery_parameters"":{""iters"":10}}",0.35202341713011265,
objective_vs_queries,spectral_iterative_hard_thresholding,singular_value_sum,17,8704,512,78.4508056640625,62.55158233642578,20,2027,success,"{""base_optimizer_parameters"":{""linesearch"":true,""sampling_dist"":""gaussian"",""sampling_scheme"":""full-rank"",""samps_per_iter"":512,""step_size"":0.03,""target_rank"":3},""data_seed"":2025,""initialization_seed"":2026,""iterations"":10000,""matrix_shape"":[30,30],""max_queries"":10000,""objective_noise"":0.0,""optimizer_seed"":2027,""recovery_parameters"":{""iters"":10}}",0.35202341713011265,
objective_vs_queries,spectral_iterative_hard_thresholding,singular_value_sum,18,9216,512,71.75900268554688,62.55158233642578,20,2027,success,"{""base_optimizer_parameters"":{""linesearch"":true,""sampling_dist"":""gaussian"",""sampling_scheme"":""full-rank"",""samps_per_iter"":512,""step_size"":0.03,""target_rank"":3},""data_seed"":2025,""initialization_seed"":2026,""iterations"":10000,""matrix_shape"":[30,30],""max_queries"":10000,""objective_noise"":0.0,""optimizer_seed"":2027,""recovery_parameters"":{""iters"":10}}",0.35202341713011265,
objective_vs_queries,spectral_iterative_hard_thresholding,singular_value_sum,19,9728,512,68.21697235107422,62.55158233642578,20,2027,success,"{""base_optimizer_parameters"":{""linesearch"":true,""sampling_dist"":""gaussian"",""sampling_scheme"":""full-rank"",""samps_per_iter"":512,""step_size"":0.03,""target_rank"":3},""data_seed"":2025,""initialization_seed"":2026,""iterations"":10000,""matrix_shape"":[30,30],""max_queries"":10000,""objective_noise"":0.0,""optimizer_seed"":2027,""recovery_parameters"":{""iters"":10}}",0.35202341713011265,
objective_vs_queries,spectral_iterative_hard_thresholding,singular_value_sum,20,10240,512,62.55158233642578,62.55158233642578,20,2027,success,"{""base_optimizer_parameters"":{""linesearch"":true,""sampling_dist"":""gaussian"",""sampling_scheme"":""full-rank"",""samps_per_iter"":512,""step_size"":0.03,""target_rank"":3},""data_seed"":2025,""initialization_seed"":2026,""iterations"":10000,""matrix_shape"":[30,30],""max_queries"":10000,""objective_noise"":0.0,""optimizer_seed"":2027,""recovery_parameters"":{""iters"":10}}",0.35202341713011265,
